,symbol,exchange,industry,sector,name
2S,2S,MAI,Industrial,-,2S METAL PUBLIC COMPANY LIMITED
3K-BAT,3K-BAT,SET,Industrials,Automotive,THAI ENERGY STORAGE TECHNOLOGY PUBLIC COMPANY LIMITED
7UP,7UP,SET,Resources,Energy & Utilities,SEVEN UTILITIES AND POWER PUBLIC COMPANY LIMITED
A,A,SET,Property & Construction,Property Development,AREEYA PROPERTY PUBLIC COMPANY LIMITED
A5,A5,MAI,Services,-,ASSET FIVE GROUP PUBLIC COMPANY LIMITED
AAV,AAV,SET,Services,Transportation & Logistics,ASIA AVIATION PUBLIC COMPANY LIMITED
ABICO,ABICO,MAI,Agro & Food Industry,-,ABICO HOLDINGS PUBLIC COMPANY LIMITED
ABM,ABM,MAI,Resources,-,ASIA BIOMASS PUBLIC COMPANY LIMITED
ABPIF,ABPIF,SET,Resources,Energy & Utilities,AMATA B. GRIMM POWER POWER PLANT INFRASTRUCTURE FUND
ACAP,ACAP,MAI,Financials,-,ASIA CAPITAL GROUP PUBLIC COMPANY LIMITED
ACC,ACC,SET,Consumer Products,Home & Office Products,ADVANCED CONNECTION CORPORATION PUBLIC COMPANY LIMITED
ACE,ACE,SET,Resources,Energy & Utilities,ABSOLUTE CLEAN ENERGY PUBLIC COMPANY LIMITED
ACG,ACG,SET,Industrials,Automotive,AUTOCORP HOLDING PUBLIC COMPANY LIMITED
ADB,ADB,MAI,Industrial,-,APPLIED DB PUBLIC COMPANY LIMITED
ADVANC,ADVANC,SET,Technology,Information & Communication Technology,ADVANCED INFO SERVICE PUBLIC COMPANY LIMITED
AEC,AEC,SET,Financials,Finance & Securities,AEC SECURITIES PUBLIC COMPANY LIMITED
AEONTS,AEONTS,SET,Financials,Finance & Securities,AEON THANA SINSAP (THAILAND) PUBLIC COMPANY LIMITED
AF,AF,MAI,Financials,-,AIRA FACTORING PUBLIC COMPANY LIMITED
AFC,AFC,SET,Consumer Products,Fashion,ASIA FIBER PUBLIC COMPANY LIMITED
AGE,AGE,SET,Resources,Energy & Utilities,ASIA GREEN ENERGY PUBLIC COMPANY LIMITED
AH,AH,SET,Industrials,Automotive,AAPICO HITECH PUBLIC COMPANY LIMITED
AHC,AHC,SET,Services,Health Care Services,AIKCHOL HOSPITAL PUBLIC COMPANY LIMITED
AI,AI,SET,Resources,Energy & Utilities,ASIAN INSULATORS PUBLIC COMPANY LIMITED
AIE,AIE,MAI,Resources,-,AI ENERGY PUBLIC COMPANY LIMITED
AIMCG,AIMCG,SET,Property & Construction,Property Fund & REITs,AIM COMMERCIAL GROWTH FREEHOLD AND LEASEHOLD REAL ESTATE INVESTMENT TRUST
AIMIRT,AIMIRT,SET,Property & Construction,Property Fund & REITs,AIM INDUSTRIAL GROWTH FREEHOLD AND LEASEHOLD REAL ESTATE INVESTMENT TRUST
AIRA,AIRA,MAI,Financials,-,AIRA CAPITAL PUBLIC COMPANY LIMITED
AIT,AIT,SET,Technology,Information & Communication Technology,"ADVANCED INFORMATION TECHNOLOGY PUBLIC CO.,LTD."
AJ,AJ,SET,Industrials,Packaging,A.J. PLAST PUBLIC COMPANY LIMITED
AJA,AJA,SET,Consumer Products,Home & Office Products,AJ ADVANCE TECHNOLOGY PUBLIC COMPANY LIMITED
AKP,AKP,MAI,Services,-,AKKHIE PRAKARN PUBLIC COMPANY LIMITED
AKR,AKR,SET,Resources,Energy & Utilities,EKARAT ENGINEERING PUBLIC COMPANY LIMITED
ALL,ALL,MAI,Property & Construction,-,ALL INSPIRE DEVELOPMENT PUBLIC COMPANY LIMITED
ALLA,ALLA,SET,Industrials,Industrial Materials & Machinery,ALLA PUBLIC COMPANY LIMITED
ALT,ALT,SET,Technology,Information & Communication Technology,ALT TELECOM PUBLIC COMPANY LIMITED
ALUCON,ALUCON,SET,Industrials,Packaging,ALUCON PUBLIC COMPANY LIMITED
AMA,AMA,MAI,Services,-,AMA MARINE PUBLIC COMPANY LIMITED
AMANAH,AMANAH,SET,Financials,Finance & Securities,AMANAH LEASING PUBLIC COMPANY LIMITED
AMARIN,AMARIN,SET,Services,Media & Publishing,AMARIN PRINTING AND PUBLISHING PUBLIC COMPANY LIMITED
AMATA,AMATA,SET,Property & Construction,Property Development,AMATA CORPORATION PUBLIC COMPANY LIMITED
AMATAR,AMATAR,SET,Property & Construction,Property Fund & REITs,AMATA SUMMIT GROWTH FREEHOLD AND LEASEHOLD REAL ESTATE INVESTMENT TRUST
AMATAV,AMATAV,SET,Property & Construction,Property Development,AMATA VN PUBLIC COMPANY LIMITED
AMC,AMC,SET,Industrials,Steel,ASIA METAL PUBLIC COMPANY LIMITED
ANAN,ANAN,SET,Property & Construction,Property Development,ANANDA DEVELOPMENT PUBLIC COMPANY LIMITED
AOT,AOT,SET,Services,Transportation & Logistics,AIRPORTS OF THAILAND PUBLIC COMPANY LIMITED
AP,AP,SET,Property & Construction,Property Development,AP (THAILAND) PUBLIC COMPANY LIMITED
APCO,APCO,SET,Consumer Products,Personal Products & Pharmaceuticals,ASIAN PHYTOCEUTICALS PUBLIC COMPANY LIMITED
APCS,APCS,SET,Property & Construction,Construction Services,ASIA PRECISION PUBLIC COMPANY LIMITED
APEX,APEX,SET,Property & Construction,Property Development,APEX DEVELOPMENT PUBLIC COMPANY LIMITED
APP,APP,MAI,Technology,-,APPLICAD PUBLIC COMPANY LIMITED
APURE,APURE,SET,Agro & Food Industry,Food & Beverage,AGRIPURE HOLDINGS PUBLIC COMPANY LIMITED
AQ,AQ,SET,Property & Construction,Property Development,AQ ESTATE PUBLIC COMPANY LIMITED
AQUA,AQUA,SET,Services,Media & Publishing,AQUA CORPORATION PUBLIC COMPANY LIMITED
ARIN,ARIN,MAI,Property & Construction,-,ARINSIRI LAND PUBLIC COMPANY LIMITED
ARIP,ARIP,MAI,Services,-,ARIP PUBLIC COMPANY LIMITED
ARROW,ARROW,MAI,Property & Construction,-,ARROW SYNDICATE PUBLIC COMPANY LIMITED
AS,AS,SET,Services,Media & Publishing,ASIASOFT CORPORATION PUBLIC COMPANY LIMITED
ASAP,ASAP,SET,Financials,Finance & Securities,SYNERGETIC AUTO PERFORMANCE PUBLIC COMPANY LIMITED
ASEFA,ASEFA,SET,Industrials,Industrial Materials & Machinery,ASEFA PUBLIC COMPANY LIMITED
ASIA,ASIA,SET,Services,Tourism & Leisure,ASIA HOTEL PUBLIC COMPANY LIMITED
ASIAN,ASIAN,SET,Agro & Food Industry,Food & Beverage,ASIAN SEA CORPORATION PUBLIC COMPANY LIMITED
ASIMAR,ASIMAR,SET,Services,Transportation & Logistics,ASIAN MARINE SERVICES PUBLIC COMPANY LIMITED
ASK,ASK,SET,Financials,Finance & Securities,ASIA SERMKIJ LEASING PUBLIC COMPANY LIMITED
ASN,ASN,MAI,Financials,-,ASN BROKER PUBLIC COMPANY LIMITED
ASP,ASP,SET,Financials,Finance & Securities,ASIA PLUS GROUP HOLDINGS PUBLIC COMPANY LIMITED
ATP30,ATP30,MAI,Services,-,ATP30 PUBLIC COMPANY LIMITED
AU,AU,MAI,Agro & Food Industry,-,AFTER YOU PUBLIC COMPANY LIMITED
AUCT,AUCT,MAI,Services,-,UNION AUCTION PUBLIC COMPANY LIMITED
AWC,AWC,SET,Property & Construction,Property Development,ASSET WORLD CORP PUBLIC COMPANY LIMITED
AYUD,AYUD,SET,Financials,Insurance,ALLIANZ AYUDHYA CAPITAL PUBLIC COMPANY LIMITED
B,B,SET,Services,Transportation & Logistics,BEGISTICS PUBLIC COMPANY LIMITED
B52,B52,SET,Consumer Products,Fashion,B-52 CAPITAL PUBLIC COMPANY LIMITED
BA,BA,SET,Services,Transportation & Logistics,BANGKOK AIRWAYS PUBLIC COMPANY LIMITED
BAFS,BAFS,SET,Resources,Energy & Utilities,BANGKOK AVIATION FUEL SERVICES PCL.
BAM,BAM,SET,Financials,Finance & Securities,BANGKOK COMMERCIAL ASSET MANAGEMENT PUBLIC COMPANY LIMITED
BANPU,BANPU,SET,Resources,Energy & Utilities,BANPU PUBLIC COMPANY LIMITED
BAY,BAY,SET,Financials,Banking,BANK OF AYUDHYA PUBLIC COMPANY LIMITED
BBL,BBL,SET,Financials,Banking,BANGKOK BANK PUBLIC COMPANY LIMITED
BC,BC,MAI,Property & Construction,-,BOUTIQUE CORPORATION PUBLIC COMPANY LIMITED
BCH,BCH,SET,Services,Health Care Services,BANGKOK CHAIN HOSPITAL PUBLIC COMPANY LIMITED
BCP,BCP,SET,Resources,Energy & Utilities,BANGCHAK CORPORATION PUBLIC COMPANY LIMITED
BCPG,BCPG,SET,Resources,Energy & Utilities,BCPG PUBLIC COMPANY LIMITED
BCT,BCT,SET,Industrials,Petrochemicals & Chemicals,BIRLA CARBON (THAILAND) PUBLIC COMPANY LIMITED
BDMS,BDMS,SET,Services,Health Care Services,BANGKOK DUSIT MEDICAL SERVICES PUBLIC COMPANY LIMITED
BEAUTY,BEAUTY,SET,Services,Commerce,BEAUTY COMMUNITY PUBLIC COMPANY LIMITED
BEC,BEC,SET,Services,Media & Publishing,BEC WORLD PUBLIC COMPANY LIMITED
BEM,BEM,SET,Services,Transportation & Logistics,BANGKOK EXPRESSWAY AND METRO  PUBLIC COMPANY LIMITED
BFIT,BFIT,SET,Financials,Finance & Securities,SRISAWAD FINANCE PUBLIC COMPANY LIMITED
BGC,BGC,SET,Industrials,Packaging,BG CONTAINER GLASS PUBLIC COMPANY LIMITED
BGRIM,BGRIM,SET,Resources,Energy & Utilities,B.GRIMM POWER PUBLIC COMPANY LIMITED
BGT,BGT,MAI,Consumer Products,-,BGT CORPORATION PUBLIC COMPANY LIMITED
BH,BH,SET,Services,Health Care Services,BUMRUNGRAD HOSPITAL PUBLIC COMPANY LIMITED
BIG,BIG,SET,Services,Commerce,BIG CAMERA CORPORATION PUBLIC COMPANY LIMITED
BIZ,BIZ,MAI,Consumer Products,-,BUSINESS ALIGNMENT PUBLIC COMPANY LIMITED
BJC,BJC,SET,Services,Commerce,BERLI JUCKER PUBLIC COMPANY LIMITED
BJCHI,BJCHI,SET,Property & Construction,Construction Services,BJC HEAVY INDUSTRIES PUBLIC COMPANY LIMITED
BKD,BKD,SET,Property & Construction,Construction Services,BANGKOK DEC-CON PUBLIC COMPANY LIMITED
BKER,BKER,SET,Property & Construction,Property Fund & REITs,BUALUANG K.E. RETAIL LEASEHOLD REAL ESTATE INVESTMENT TRUST
BKI,BKI,SET,Financials,Insurance,BANGKOK INSURANCE PUBLIC COMPANY LIMITED
BKKCP,BKKCP,SET,Property & Construction,Property Fund & REITs,BANGKOK COMMERCIAL PROPERTY FUND
BLA,BLA,SET,Financials,Insurance,BANGKOK LIFE ASSURANCE PUBLIC COMPANY LIMITED
BLAND,BLAND,SET,Property & Construction,Property Development,BANGKOK LAND PUBLIC COMPANY LIMITED
BLISS,BLISS,SET,Technology,Information & Communication Technology,BLISS-TEL PUBLIC COMPANY LIMITED
BM,BM,MAI,Industrial,-,BANGKOK SHEET METAL PUBLIC COMPANY LIMITED
BOFFICE,BOFFICE,SET,Property & Construction,Property Fund & REITs,BHIRAJ OFFICE LEASEHOLD REAL ESTATE INVESTMENT TRUST
BOL,BOL,MAI,Services,-,BUSINESS ONLINE PUBLIC COMPANY LIMITED
BPP,BPP,SET,Resources,Energy & Utilities,BANPU POWER PUBLIC COMPANY LIMITED
BR,BR,SET,Agro & Food Industry,Food & Beverage,BANGKOK RANCH PUBLIC COMPANY LIMITED
BROCK,BROCK,SET,Property & Construction,Property Development,BAAN ROCK GARDEN PUBLIC COMPANY LIMITED
BROOK,BROOK,MAI,Financials,-,THE BROOKER GROUP PUBLIC COMPANY LIMITED
BRR,BRR,SET,Agro & Food Industry,Food & Beverage,BURIRAM SUGAR PUBLIC COMPANY LIMITED
BRRGIF,BRRGIF,SET,Resources,Energy & Utilities,BURIRAM SUGAR GROUP POWER PLANT INFRASTRUCTURE FUND
BSBM,BSBM,SET,Industrials,Steel,BANGSAPHAN BARMILL PUBLIC COMPANY LIMITED
BSM,BSM,MAI,Property & Construction,-,BUILDERSMART PUBLIC COMPANY LIMITED
BTNC,BTNC,SET,Consumer Products,Fashion,BOUTIQUE NEWCITY PUBLIC COMPANY LIMITED
BTS,BTS,SET,Services,Transportation & Logistics,BTS GROUP HOLDINGS PUBLIC COMPANY LIMITED
BTSGIF,BTSGIF,SET,Services,Transportation & Logistics,BTS RAIL MASS TRANSIT GROWTH INFRASTRUCTURE FUND
BTW,BTW,MAI,Property & Construction,-,BT WEALTH INDUSTRIES PUBLIC COMPANY LIMITED
BUI,BUI,SET,Financials,Insurance,BANGKOK UNION INSURANCE PUBLIC COMPANY LIMITED
BWG,BWG,SET,Services,Professional Services,BETTER WORLD GREEN PUBLIC COMPANY LIMITED
B-WORK,B-WORK,SET,Property & Construction,Property Fund & REITs,BUALUANG OFFICE LEASEHOLD REAL ESTATE INVESTMENT TRUST
CAZ,CAZ,MAI,Property & Construction,-,CAZ (THAILAND) PUBLIC COMPANY LIMITED
CBG,CBG,SET,Agro & Food Industry,Food & Beverage,CARABAO GROUP PUBLIC COMPANY LIMITED
CCET,CCET,SET,Technology,Electronic Components,"CAL-COMP ELECTRONICS (THAILAND) PUBLIC CO., LTD."
CCP,CCP,SET,Property & Construction,Construction Materials,CHONBURI CONCRETE PRODUCT PUBLIC COMPANY LIMITED
CEN,CEN,SET,Industrials,Steel,CAPITAL ENGINEERING NETWORK PUBLIC COMPANY LIMITED
CENTEL,CENTEL,SET,Services,Tourism & Leisure,CENTRAL PLAZA HOTEL PUBLIC COMPANY LIMITED
CFRESH,CFRESH,SET,Agro & Food Industry,Food & Beverage,SEAFRESH INDUSTRY PUBLIC COMPANY LIMITED
CGD,CGD,SET,Property & Construction,Property Development,COUNTRY GROUP DEVELOPMENT PUBLIC COMPANY LIMITED
CGH,CGH,SET,Financials,Finance & Securities,COUNTRY GROUP HOLDINGS PUBLIC COMPANY LIMITED
CHARAN,CHARAN,SET,Financials,Insurance,CHARAN INSURANCE PUBLIC COMPANY LIMITED
CHAYO,CHAYO,MAI,Financials,-,CHAYO GROUP PUBLIC COMPANY LIMITED
CHEWA,CHEWA,MAI,Property & Construction,-,CHEWATHAI PUBLIC COMPANY LIMITED
CHG,CHG,SET,Services,Health Care Services,CHULARAT HOSPITAL PUBLIC COMPANY LIMITED
CHO,CHO,MAI,Industrial,-,CHO THAVEE PUBLIC COMPANY LIMITED
CHOTI,CHOTI,SET,Agro & Food Industry,Food & Beverage,"KIANG HUAT SEA GULL TRADING FROZEN FOOD PUBLIC CO., LTD."
CHOW,CHOW,MAI,Industrial,-,CHOW STEEL INDUSTRIES PUBLIC COMPANY LIMITED
CI,CI,SET,Property & Construction,Property Development,CHARN ISSARA DEVELOPMENT PUBLIC COMPANY LIMITED
CIG,CIG,MAI,Industrial,-,C.I.GROUP PUBLIC COMPANY LIMITED
CIMBT,CIMBT,SET,Financials,Banking,CIMB THAI BANK PUBLIC COMPANY LIMITED
CITY,CITY,SET,Industrials,Steel,CITY STEEL PUBLIC COMPANY LIMITED
CK,CK,SET,Property & Construction,Construction Services,CH. KARNCHANG PUBLIC COMPANY LIMITED
CKP,CKP,SET,Resources,Energy & Utilities,CK POWER PUBLIC COMPANY LIMITED
CM,CM,SET,Agro & Food Industry,Food & Beverage,CHIANGMAI FROZEN FOODS PUBLIC COMPANY LIMITED
CMAN,CMAN,SET,Industrials,Petrochemicals & Chemicals,CHEMEMAN PUBLIC COMPANY LIMITED
CMC,CMC,MAI,Property & Construction,-,CHAOPRAYAMAHANAKORN PUBLIC COMPANY LIMITED
CMO,CMO,MAI,Services,-,CMO PUBLIC COMPANY LIMITED
CMR,CMR,SET,Services,Health Care Services,CHIANG MAI RAM MEDICAL BUSINESS PUBLIC COMPANY LIMITED
CNT,CNT,SET,Property & Construction,Construction Services,CHRISTIANI & NIELSEN (THAI) PUBLIC COMPANY LIMITED
COL,COL,SET,Services,Commerce,COL PUBLIC COMPANY LIMITED
COLOR,COLOR,MAI,Industrial,-,SALEE COLOUR PUBLIC COMPANY LIMITED
COM7,COM7,SET,Services,Commerce,COM7 PUBLIC COMPANY LIMITED
COMAN,COMAN,MAI,Technology,-,COMANCHE INTERNATIONAL PUBLIC COMPANY LIMITED
COTTO,COTTO,SET,Property & Construction,Construction Materials,SCG CERAMICS PUBLIC COMPANY LIMITED
CPALL,CPALL,SET,Services,Commerce,CP ALL PUBLIC COMPANY LIMITED
CPF,CPF,SET,Agro & Food Industry,Food & Beverage,CHAROEN POKPHAND FOODS PUBLIC COMPANY LIMITED
CPH,CPH,SET,Consumer Products,Fashion,CASTLE PEAK HOLDINGS PUBLIC COMPANY LIMITED
CPI,CPI,SET,Agro & Food Industry,Food & Beverage,CHUMPORN PALM OIL INDUSTRY PUBLIC COMPANY LIMITED
CPL,CPL,SET,Consumer Products,Fashion,CPL GROUP PUBLIC COMPANY LIMITED
CPN,CPN,SET,Property & Construction,Property Development,CENTRAL PATTANA PUBLIC COMPANY LIMITED
CPNCG,CPNCG,SET,Property & Construction,Property Fund & REITs,CPN COMMERCIAL GROWTH LEASEHOLD PROPERTY FUND
CPNREIT,CPNREIT,SET,Property & Construction,Property Fund & REITs,CPN RETAIL GROWTH LEASEHOLD REIT
CPR,CPR,MAI,Industrial,-,CPR GOMU INDUSTRIAL PUBLIC COMPANY LIMITED
CPT,CPT,SET,Industrials,Industrial Materials & Machinery,CPT DRIVES AND POWER PUBLIC COMPANY LIMITED
CPTGF,CPTGF,SET,Property & Construction,Property Fund & REITs,C.P. TOWER GROWTH LEASEHOLD PROPERTY FUND
CPW,CPW,SET,Services,Commerce,COPPERWIRED PUBLIC COMPANY LIMITED
CRANE,CRANE,SET,Industrials,Industrial Materials & Machinery,CHU KAI PUBLIC COMPANY LIMITED
CRC,CRC,SET,Services,Commerce,CENTRAL RETAIL CORPORATION PUBLIC COMPANY LIMITED
CRD,CRD,MAI,Property & Construction,-,CHIANGMAI RIMDOI PUBLIC COMPANY LIMITED
CSC,CSC,SET,Industrials,Packaging,CROWN SEAL PUBLIC COMPANY LIMITED
CSP,CSP,SET,Industrials,Steel,CSP STEEL CENTER PUBLIC COMPANY LIMITED
CSR,CSR,SET,Services,Tourism & Leisure,CITY SPORTS AND RECREATION PUBLIC COMPANY LIMITED
CSS,CSS,SET,Services,Commerce,COMMUNICATION AND SYSTEM SOLUTION PUBLIC COMPANY LIMITED
CTARAF,CTARAF,SET,Property & Construction,Property Fund & REITs,CENTARA HOTELS & RESORTS LEASEHOLD PROPERTY FUND
CTW,CTW,SET,Industrials,Industrial Materials & Machinery,CHAROONG THAI WIRE & CABLE PUBLIC COMPANY LIMITED
CWT,CWT,SET,Industrials,Automotive,CHAI WATANA TANNERY GROUP PUBLIC COMPANY LIMITED
D,D,MAI,Services,-,DENTAL CORPORATION PUBLIC COMPANY LIMITED
DCC,DCC,SET,Property & Construction,Construction Materials,DYNASTY CERAMIC PUBLIC COMPANY LIMITED
DCON,DCON,SET,Property & Construction,Construction Materials,DCON PRODUCTS PUBLIC COMPANY LIMITED
DDD,DDD,SET,Consumer Products,Personal Products & Pharmaceuticals,DO DAY DREAM PUBLIC COMPANY LIMITED
DELTA,DELTA,SET,Technology,Electronic Components,DELTA ELECTRONICS (THAILAND) PUBLIC COMPANY LIMITED
DEMCO,DEMCO,SET,Resources,Energy & Utilities,DEMCO PUBLIC COMPANY LIMITED
DHOUSE,DHOUSE,MAI,Property & Construction,-,DHOUSE PATTANA PUBLIC COMPANY LIMITED
DIF,DIF,SET,Technology,Information & Communication Technology,DIGITAL TELECOMMUNICATIONS INFRASTRUCTURE FUND
DIMET,DIMET,MAI,Property & Construction,-,DIMET (SIAM) PUBLIC COMPANY LIMITED
DOD,DOD,MAI,Consumer Products,-,DOD BIOTECH PUBLIC COMPANY LIMITED
DOHOME,DOHOME,SET,Services,Commerce,DOHOME PUBLIC COMPANY LIMITED
DREIT,DREIT,SET,Property & Construction,Property Fund & REITs,DUSIT THANI FREEHOLD AND LEASEHOLD REAL ESTATE INVESTMENT TRUST
DRT,DRT,SET,Property & Construction,Construction Materials,DIAMOND BUILDING PRODUCTS PUBLIC COMPANY LIMITED
DTAC,DTAC,SET,Technology,Information & Communication Technology,TOTAL ACCESS COMMUNICATION PUBLIC COMPANY LIMITED
DTC,DTC,SET,Services,Tourism & Leisure,DUSIT THANI PUBLIC COMPANY LIMITED
DTCI,DTCI,SET,Consumer Products,Home & Office Products,D.T.C. INDUSTRIES PUBLIC COMPANY LIMITED
DV8,DV8,MAI,Services,-,DV8 PUBLIC COMPANY LIMITED
EA,EA,SET,Resources,Energy & Utilities,ENERGY ABSOLUTE PUBLIC COMPANY LIMITED
EASON,EASON,SET,Industrials,Automotive,EASON & CO PUBLIC COMPANY LIMITED
EASTW,EASTW,SET,Resources,Energy & Utilities,EASTERN WATER RESOURCES DEVELOPMENT AND MANAGEMENT PCL.
ECF,ECF,MAI,Consumer Products,-,EAST COAST FURNITECH PUBLIC COMPANY LIMITED
ECL,ECL,SET,Financials,Finance & Securities,EASTERN COMMERCIAL LEASING PUBLIC COMPANY LIMITED
EE,EE,SET,Agro & Food Industry,Agribusiness,ETERNAL ENERGY PUBLIC COMPANY LIMITED
EFORL,EFORL,MAI,Services,-,E FOR L AIM PUBLIC COMPANY LIMITED
EGATIF,EGATIF,SET,Resources,Energy & Utilities,"NORTH BANGKOK POWER PLANT BLOCK 1 INFRASTRUCTURE FUND, ELECTRICITY GENERATING AUTHORITY OF THAILAND"
EGCO,EGCO,SET,Resources,Energy & Utilities,ELECTRICITY GENERATING PUBLIC COMPANY LIMITED
EKH,EKH,SET,Services,Health Care Services,EKACHAI MEDICAL CARE PUBLIC COMPANY LIMITED
EMC,EMC,SET,Property & Construction,Construction Services,EMC PUBLIC COMPANY LIMITED
EP,EP,SET,Resources,Energy & Utilities,EASTERN POWER GROUP PUBLIC COMPANY LIMITED
EPG,EPG,SET,Property & Construction,Construction Materials,EASTERN POLYMER GROUP PUBLIC COMPANY LIMITED
ERW,ERW,SET,Services,Tourism & Leisure,THE ERAWAN GROUP PUBLIC COMPANY LIMITED
ERWPF,ERWPF,SET,Property & Construction,Property Fund & REITs,ERAWAN HOTEL GROWTH PROPERTY FUND
ESSO,ESSO,SET,Resources,Energy & Utilities,ESSO (THAILAND) PUBLIC COMPANY LIMITED
ESTAR,ESTAR,SET,Property & Construction,Property Development,EASTERN STAR REAL ESTATE PUBLIC COMPANY LIMITED
ETC,ETC,MAI,Resources,-,EARTH TECH ENVIRONMENT PUBLIC COMPANY LIMITED
ETE,ETE,MAI,Services,-,EASTERN TECHNICAL ENGINEERING PUBLIC COMPANY LIMITED
EVER,EVER,SET,Property & Construction,Property Development,EVERLAND PUBLIC COMPANY LIMITED
F&D,F&D,SET,Agro & Food Industry,Food & Beverage,FOOD AND DRINKS PUBLIC COMPANY LIMITED
FANCY,FANCY,SET,Consumer Products,Home & Office Products,FANCY WOOD INDUSTRIES PUBLIC COMPANY LIMITED
FE,FE,SET,Services,Media & Publishing,FAR EAST FAME LINE DDB PUBLIC COMPANY LIMITED
FLOYD,FLOYD,MAI,Property & Construction,-,FLOYD PUBLIC COMPANY LIMITED
FMT,FMT,SET,Industrials,Industrial Materials & Machinery,FINE METAL TECHNOLOGIES PUBLIC COMPANY LIMITED
FN,FN,SET,Services,Commerce,FN FACTORY OUTLET PUBLIC COMPANY LIMITED
FNS,FNS,SET,Financials,Finance & Securities,FINANSA PUBLIC COMPANY LIMITED
FORTH,FORTH,SET,Technology,Information & Communication Technology,FORTH CORPORATION PUBLIC COMPANY LIMITED
FPI,FPI,MAI,Industrial,-,FORTUNE PARTS INDUSTRY PUBLIC COMPANY LIMITED
FPT,FPT,SET,Property & Construction,Property Development,FRASERS PROPERTY (THAILAND) PUBLIC COMPANY LIMITED
FSMART,FSMART,MAI,Services,-,FORTH SMART SERVICE PUBLIC COMPANY LIMITED
FSS,FSS,SET,Financials,Finance & Securities,FINANSIA SYRUS SECURITIES PUBLIC COMPANY LIMITED
FTE,FTE,SET,Services,Commerce,FIRETRADE ENGINEERING PUBLIC COMPANY LIMITED
FTREIT,FTREIT,SET,Property & Construction,Property Fund & REITs,FRASERS PROPERTY THAILAND INDUSTRIAL FREEHOLD & LEASEHOLD REIT
FUTUREPF,FUTUREPF,SET,Property & Construction,Property Fund & REITs,FUTURE PARK LEASEHOLD PROPERTY FUND
FVC,FVC,MAI,Services,-,FILTER VISION PUBLIC COMPANY LIMITED
GAHREIT,GAHREIT,SET,Property & Construction,Property Fund & REITs,GRANDE HOSPITALITY REAL ESTATE INVESTMENT TRUST
GBX,GBX,SET,Financials,Finance & Securities,GLOBLEX HOLDING MANAGEMENT PUBLIC COMPANY LIMITED
GC,GC,SET,Industrials,Petrochemicals & Chemicals,GLOBAL CONNECTIONS PUBLIC COMPANY LIMITED
GCAP,GCAP,MAI,Financials,-,G CAPITAL PUBLIC COMPANY LIMITED
GEL,GEL,SET,Property & Construction,Construction Materials,GENERAL ENGINEERING PUBLIC COMPANY LIMITED
GENCO,GENCO,SET,Services,Professional Services,"GENERAL ENVIRONMENTAL CONSERVATION PUBLIC CO., LTD."
GFPT,GFPT,SET,Agro & Food Industry,Agribusiness,GFPT PUBLIC COMPANY LIMITED
GGC,GGC,SET,Industrials,Petrochemicals & Chemicals,GLOBAL GREEN CHEMICALS PUBLIC COMPANY LIMITED
GIFT,GIFT,SET,Industrials,Petrochemicals & Chemicals,GRATITUDE INFINITE PUBLIC COMPANY LIMITED
GJS,GJS,SET,Industrials,Steel,G J STEEL PUBLIC COMPANY LIMITED
GL,GL,SET,Financials,Finance & Securities,GROUP LEASE PUBLIC COMPANY LIMITED
GLAND,GLAND,SET,Property & Construction,Property Development,GRAND CANAL LAND PUBLIC COMPANY LIMITED
GLOBAL,GLOBAL,SET,Services,Commerce,SIAM GLOBAL HOUSE PUBLIC COMPANY LIMITED
GLOCON,GLOCON,SET,Industrials,Packaging,GLOBAL CONSUMER PUBLIC COMPANY LIMITED
GOLDPF,GOLDPF,SET,Property & Construction,Property Fund & REITs,GOLD PROPERTY FUND (LEASE HOLD)
GPI,GPI,SET,Services,Media & Publishing,GRAND PRIX INTERNATIONAL PUBLIC COMPANY LIMITED
GPSC,GPSC,SET,Resources,Energy & Utilities,GLOBAL POWER SYNERGY PUBLIC COMPANY LIMITED
GRAMMY,GRAMMY,SET,Services,Media & Publishing,GMM GRAMMY PUBLIC COMPANY LIMITED
GRAND,GRAND,SET,Services,Tourism & Leisure,GRANDE ASSET HOTELS AND PROPERTY PUBLIC COMPANY LIMITED
GREEN,GREEN,SET,Resources,Energy & Utilities,GREEN RESOURCES PUBLIC COMPANY LIMITED
GSC,GSC,MAI,Services,-,GLOBAL SERVICE CENTER PUBLIC COMPANY LIMITED
GSTEEL,GSTEEL,SET,Industrials,Steel,G STEEL PUBLIC COMPANY LIMITED
GTB,GTB,MAI,Industrial,-,GETABEC PUBLIC COMPANY LIMITED
GULF,GULF,SET,Resources,Energy & Utilities,GULF ENERGY DEVELOPMENT PUBLIC COMPANY LIMITED
GUNKUL,GUNKUL,SET,Resources,Energy & Utilities,GUNKUL ENGINEERING PUBLIC COMPANY LIMITED
GVREIT,GVREIT,SET,Property & Construction,Property Fund & REITs,GOLDEN VENTURES LEASEHOLD REAL ESTATE INVESTMENT TRUST
GYT,GYT,SET,Industrials,Automotive,GOODYEAR (THAILAND) PUBLIC COMPANY LIMITED
HANA,HANA,SET,Technology,Electronic Components,HANA MICROELECTRONICS PUBLIC COMPANY LIMITED
HARN,HARN,MAI,Services,-,HARN ENGINEERING SOLUTIONS PUBLIC COMPANY LIMITED
HFT,HFT,SET,Industrials,Automotive,HWA FONG RUBBER (THAILAND) PUBLIC COMPANY LIMITED
HMPRO,HMPRO,SET,Services,Commerce,HOME PRODUCT CENTER PUBLIC COMPANY LIMITED
HPF,HPF,SET,Property & Construction,Property Fund & REITs,HEMARAJ INDUSTRIAL PROPERTY AND LEASEHOLD FUND
HPT,HPT,MAI,Consumer Products,-,HOME POTTERY PUBLIC COMPANY LIMITED
HREIT,HREIT,SET,Property & Construction,Property Fund & REITs,HEMARAJ LEASEHOLD REAL ESTATE INVESTMENT TRUST
HTC,HTC,SET,Agro & Food Industry,Food & Beverage,HAAD THIP PUBLIC COMPANY LIMITED
HTECH,HTECH,SET,Industrials,Industrial Materials & Machinery,HALCYON TECHNOLOGY PUBLIC COMPANY LIMITED
HUMAN,HUMAN,SET,Technology,Information & Communication Technology,HUMANICA PUBLIC COMPANY LIMITED
HYDRO,HYDRO,MAI,Property & Construction,-,HYDROTEK PUBLIC COMPANY LIMITED
ICC,ICC,SET,Consumer Products,Fashion,I.C.C. INTERNATIONAL PUBLIC COMPANY LIMITED
ICHI,ICHI,SET,Agro & Food Industry,Food & Beverage,ICHITAN GROUP PUBLIC COMPANY LIMITED
ICN,ICN,MAI,Technology,-,INFORMATION AND COMMUNICATION NETWORKS PUBLIC COMPANY LIMITED
IFEC,IFEC,SET,Resources,Energy & Utilities,INTER FAR EAST ENERGY CORPORATION PUBLIC COMPANY LIMITED
IFS,IFS,SET,Financials,Finance & Securities,IFS CAPITAL (THAILAND) PUBLIC COMPANY LIMITED
IHL,IHL,SET,Industrials,Automotive,INTERHIDES PUBLIC COMPANY LIMITED
IIG,IIG,MAI,Technology,-,I&I GROUP PUBLIC COMPANY LIMITED
III,III,SET,Services,Transportation & Logistics,TRIPLE I LOGISTICS PUBLIC COMPANY LIMITED
ILINK,ILINK,SET,Technology,Information & Communication Technology,INTERLINK COMMUNICATION PUBLIC COMPANY LIMITED
ILM,ILM,SET,Services,Commerce,INDEX LIVING MALL PUBLIC COMPANY LIMITED
IMH,IMH,MAI,Services,-,INTERMEDICAL CARE AND LAB HOSPITAL PUBLIC COMPANY LIMITED
IMPACT,IMPACT,SET,Property & Construction,Property Fund & REITs,IMPACT GROWTH REAL ESTATE INVESTMENT TRUST
INET,INET,SET,Technology,Information & Communication Technology,INTERNET THAILAND PUBLIC COMPANY LIMITED
INGRS,INGRS,SET,Industrials,Automotive,INGRESS INDUSTRIAL (THAILAND) PUBLIC COMPANY LIMITED
INOX,INOX,SET,Industrials,Steel,POSCO-THAINOX PUBLIC COMPANY LIMITED
INSET,INSET,MAI,Technology,-,INFRASET PUBLIC COMPANY LIMITED
INSURE,INSURE,SET,Financials,Insurance,INDARA INSURANCE PUBLIC COMPANY LIMITED
INTUCH,INTUCH,SET,Technology,Information & Communication Technology,INTOUCH HOLDINGS PUBLIC COMPANY LIMITED
IP,IP,MAI,Consumer Products,-,INTER PHARMA PUBLIC COMPANY LIMITED
IRC,IRC,SET,Industrials,Automotive,INOUE RUBBER (THAILAND) PUBLIC COMPANY LIMITED
IRCP,IRCP,MAI,Technology,-,"INTERNATIONAL RESEARCH CORPORATION PUBLIC CO., LTD."
IRPC,IRPC,SET,Resources,Energy & Utilities,IRPC PUBLIC COMPANY LIMITED
IT,IT,SET,Services,Commerce,IT CITY PUBLIC COMPANY LIMITED
ITD,ITD,SET,Property & Construction,Construction Services,ITALIAN-THAI DEVELOPMENT PUBLIC COMPANY LIMITED
ITEL,ITEL,MAI,Technology,-,INTERLINK TELECOM PUBLIC COMPANY LIMITED
IVL,IVL,SET,Industrials,Petrochemicals & Chemicals,INDORAMA VENTURES PUBLIC COMPANY LIMITED
J,J,SET,Property & Construction,Property Development,JAS ASSET PUBLIC COMPANY LIMITED
JAS,JAS,SET,Technology,Information & Communication Technology,JASMINE INTERNATIONAL PUBLIC COMPANY LIMITED
JASIF,JASIF,SET,Technology,Information & Communication Technology,JASMINE BROADBAND INTERNET INFRASTRUCTURE FUND
JCK,JCK,SET,Property & Construction,Property Development,JCK INTERNATIONAL PUBLIC COMPANY LIMITED
JCKH,JCKH,MAI,Agro & Food Industry,-,JCK HOSPITALITY PUBLIC COMPANY LIMITED
JCT,JCT,SET,Consumer Products,Personal Products & Pharmaceuticals,JACK CHIA INDUSTRIES (THAILAND) PUBLIC COMPANY LIMITED
JKN,JKN,SET,Services,Media & Publishing,JKN GLOBAL MEDIA PUBLIC COMPANY LIMITED
JMART,JMART,SET,Technology,Information & Communication Technology,JAY MART PUBLIC COMPANY LIMITED
JMT,JMT,SET,Financials,Finance & Securities,JMT NETWORK SERVICES PUBLIC COMPANY LIMITED
JR,JR,SET,Technology,Information & Communication Technology,J.R.W. UTILITY PUBLIC COMPANY LIMITED
JSP,JSP,MAI,Property & Construction,-,J.S.P. PROPERTY PUBLIC COMPANY LIMITED
JTS,JTS,SET,Technology,Information & Communication Technology,JASMINE TELECOM SYSTEMS PUBLIC COMPANY LIMITED
JUBILE,JUBILE,MAI,Consumer Products,-,JUBILEE ENTERPRISE PUBLIC COMPANY LIMITED
JUTHA,JUTHA,SET,Services,Transportation & Logistics,JUTHA MARITIME PUBLIC COMPANY LIMITED
JWD,JWD,SET,Services,Transportation & Logistics,JWD INFOLOGISTICS PUBLIC COMPANY LIMITED
K,K,MAI,Property & Construction,-,KINGSMEN C.M.T.I. PUBLIC COMPANY LIMITED
KAMART,KAMART,SET,Services,Commerce,KARMARTS PUBLIC COMPANY LIMITED
KASET,KASET,MAI,Agro & Food Industry,-,THAI HA PUBLIC COMPANY LIMITED
KBANK,KBANK,SET,Financials,Banking,KASIKORNBANK PUBLIC COMPANY LIMITED
KBS,KBS,SET,Agro & Food Industry,Food & Beverage,KHONBURI SUGAR PUBLIC COMPANY LIMITED
KBSPIF,KBSPIF,SET,Resources,Energy & Utilities,KHONBURI SUGAR POWER PLANT INFRASTRUCTURE FUND
KC,KC,SET,Property & Construction,Property Development,K.C. PROPERTY PUBLIC COMPANY LIMITED
KCAR,KCAR,SET,Financials,Finance & Securities,KRUNGTHAI CAR RENT AND LEASE PUBLIC COMPANY LIMITED
KCE,KCE,SET,Technology,Electronic Components,KCE ELECTRONICS PUBLIC COMPANY LIMITED
KCM,KCM,MAI,Industrial,-,K.C. METALSHEET PUBLIC COMPANY LIMITED
KDH,KDH,SET,Services,Health Care Services,THONBURI MEDICAL CENTRE PUBLIC COMPANY LIMITED
KGI,KGI,SET,Financials,Finance & Securities,KGI SECURITIES (THAILAND) PUBLIC COMPANY LIMITED
KIAT,KIAT,MAI,Services,-,KIATTANA TRANSPORT PUBLIC COMPANY LIMITED
KK,KK,MAI,Services,-,K&K SUPERSTORE SOUTHERN PUBLIC COMPANY LIMITED
KKC,KKC,SET,Industrials,Industrial Materials & Machinery,KULTHORN KIRBY PUBLIC COMPANY LIMITED
KKP,KKP,SET,Financials,Banking,KIATNAKIN PHATRA BANK PUBLIC COMPANY LIMITED
KOOL,KOOL,MAI,Services,-,MASTERKOOL INTERNATIONAL PUBLIC COMPANY LIMITED
KPNPF,KPNPF,SET,Property & Construction,Property Fund & REITs,KPN PROPERTY FUND
KSL,KSL,SET,Agro & Food Industry,Food & Beverage,KHON KAEN SUGAR INDUSTRY PUBLIC COMPANY LIMITED
KTB,KTB,SET,Financials,Banking,KRUNG THAI BANK PUBLIC COMPANY LIMITED
KTC,KTC,SET,Financials,Finance & Securities,KRUNGTHAI CARD PUBLIC COMPANY LIMITED
KTIS,KTIS,SET,Agro & Food Industry,Food & Beverage,KASET THAI INTERNATIONAL SUGAR CORPORATION PUBLIC COMPANY LIMITED
KUMWEL,KUMWEL,MAI,Industrial,-,KUMWELL CORPORATION PUBLIC COMPANY LIMITED
KUN,KUN,MAI,Property & Construction,-,VILLA KUNALAI PUBLIC COMPANY LIMITED
KWC,KWC,SET,Services,Transportation & Logistics,KRUNGDHEP SOPHON PUBLIC COMPANY LIMITED
KWG,KWG,SET,Property & Construction,Property Development,KING WAI GROUP (THAILAND) PUBLIC COMPANY LIMITED
KWM,KWM,MAI,Industrial,-,K. W. METAL WORK PUBLIC COMPANY LIMITED
KYE,KYE,SET,Consumer Products,Home & Office Products,KANG YONG ELECTRIC PUBLIC COMPANY LIMITED
L&E,L&E,SET,Consumer Products,Home & Office Products,LIGHTING & EQUIPMENT PUBLIC COMPANY LIMITED
LALIN,LALIN,SET,Property & Construction,Property Development,LALIN PROPERTY PUBLIC COMPANY LIMITED
LANNA,LANNA,SET,Resources,Energy & Utilities,THE LANNA RESOURCES PUBLIC COMPANY LIMITED
LDC,LDC,MAI,Services,-,LDC DENTAL PUBLIC COMPANY LIMITED
LEE,LEE,SET,Agro & Food Industry,Agribusiness,LEE FEED MILL PUBLIC COMPANY LIMITED
LEO,LEO,MAI,Services,-,LEO GLOBAL LOGISTICS PUBLIC COMPANY LIMITED
LH,LH,SET,Property & Construction,Property Development,LAND AND HOUSES PUBLIC COMPANY LIMITED
LHFG,LHFG,SET,Financials,Banking,LH FINANCIAL GROUP PUBLIC COMPANY LIMITED
LHHOTEL,LHHOTEL,SET,Property & Construction,Property Fund & REITs,LH HOTEL LEASEHOLD REAL ESTATE INVESTMENT TRUST
LHK,LHK,SET,Industrials,Steel,LOHAKIT METAL PUBLIC COMPANY LIMITED
LHPF,LHPF,SET,Property & Construction,Property Fund & REITs,LAND AND HOUSES FREEHOLD AND LEASEHOLD PROPERTY FUND
LHSC,LHSC,SET,Property & Construction,Property Fund & REITs,LH SHOPPING CENTERS LEASEHOLD REAL ESTATE INVESTMENT TRUST
LIT,LIT,MAI,Financials,-,LEASE IT PUBLIC COMPANY LIMITED
LOXLEY,LOXLEY,SET,Services,Commerce,LOXLEY PUBLIC COMPANY LIMITED
LPH,LPH,SET,Services,Health Care Services,LADPRAO GENERAL HOSPITAL PUBLIC COMPANY LIMITED
LPN,LPN,SET,Property & Construction,Property Development,L.P.N. DEVELOPMENT PUBLIC COMPANY LIMITED
LRH,LRH,SET,Services,Tourism & Leisure,LAGUNA RESORTS & HOTELS PUBLIC COMPANY LIMITED
LST,LST,SET,Agro & Food Industry,Food & Beverage,LAM SOON (THAILAND) PUBLIC COMPANY LIMITED
LUXF,LUXF,SET,Property & Construction,Property Fund & REITs,LUXURY REAL ESTATE INVESTMENT FUND
M,M,SET,Agro & Food Industry,Food & Beverage,MK RESTAURANT GROUP PUBLIC COMPANY LIMITED
MACO,MACO,SET,Services,Media & Publishing,MASTER AD PUBLIC COMPANY LIMITED
MAJOR,MAJOR,SET,Services,Media & Publishing,MAJOR CINEPLEX GROUP PUBLIC COMPANY LIMITED
MAKRO,MAKRO,SET,Services,Commerce,SIAM MAKRO PUBLIC COMPANY LIMITED
MALEE,MALEE,SET,Agro & Food Industry,Food & Beverage,MALEE GROUP PUBLIC COMPANY LIMITED
MANRIN,MANRIN,SET,Services,Tourism & Leisure,THE MANDARIN HOTEL PUBLIC COMPANY LIMITED
MATCH,MATCH,SET,Services,Media & Publishing,MATCHING MAXIMIZE SOLUTION PUBLIC COMPANY LIMITED
MATI,MATI,SET,Services,Media & Publishing,MATICHON PUBLIC COMPANY LIMITED
MAX,MAX,SET,Agro & Food Industry,Agribusiness,MAX METAL CORPORATION PUBLIC COMPANY LIMITED
MBAX,MBAX,MAI,Industrial,-,MULTIBAX PUBLIC COMPANY LIMITED
MBK,MBK,SET,Property & Construction,Property Development,MBK PUBLIC COMPANY LIMITED
MBKET,MBKET,SET,Financials,Finance & Securities,MAYBANK KIM ENG SECURITIES (THAILAND) PUBLIC COMPANY LIMITED
MC,MC,SET,Services,Commerce,MC GROUP PUBLIC COMPANY LIMITED
M-CHAI,M-CHAI,SET,Services,Health Care Services,MAHACHAI HOSPITAL PUBLIC COMPANY LIMITED
MCOT,MCOT,SET,Services,Media & Publishing,MCOT PUBLIC COMPANY LIMITED
MCS,MCS,SET,Industrials,Steel,M.C.S.STEEL PUBLIC COMPANY LIMITED
MDX,MDX,SET,Resources,Energy & Utilities,M.D.X. PUBLIC COMPANY LIMITED
MEGA,MEGA,SET,Services,Commerce,MEGA LIFESCIENCES PUBLIC COMPANY LIMITED
META,META,MAI,Property & Construction,-,META CORPORATION PUBLIC COMPANY LIMITED
METCO,METCO,SET,Technology,Electronic Components,MURAMOTO ELECTRON (THAILAND) PUBLIC COMPANY LIMITED
MFC,MFC,SET,Financials,Finance & Securities,MFC ASSET MANAGEMENT PUBLIC COMPANY LIMITED
MFEC,MFEC,SET,Technology,Information & Communication Technology,MFEC PUBLIC COMPANY LIMITED
MGT,MGT,MAI,Industrial,-,MEGACHEM (THAILAND) PUBLIC COMPANY LIMITED
MICRO,MICRO,SET,Financials,Finance & Securities,MICRO LEASING PUBLIC COMPANY LIMITED
MIDA,MIDA,SET,Services,Commerce,MIDA ASSETS PUBLIC COMPANY LIMITED
M-II,M-II,SET,Property & Construction,Property Fund & REITs,MFC INDUSTRIAL INVESTMENT PROPERTY AND LEASEHOLD FUND
MILL,MILL,SET,Industrials,Steel,MILLCON STEEL PUBLIC COMPANY LIMITED
MINT,MINT,SET,Agro & Food Industry,Food & Beverage,MINOR INTERNATIONAL PUBLIC COMPANY LIMITED
MIPF,MIPF,SET,Property & Construction,Property Fund & REITs,MILLIONAIRE PROPERTY FUND
MIT,MIT,SET,Property & Construction,Property Fund & REITs,MFC INDUSTRIAL REAL ESTATE INVESTMENT TRUST
MITSIB,MITSIB,MAI,Financials,-,MITSIB LEASING PUBLIC COMPANY LIMITED
MJD,MJD,SET,Property & Construction,Property Development,MAJOR DEVELOPMENT PUBLIC COMPANY LIMITED
MJLF,MJLF,SET,Property & Construction,Property Fund & REITs,MAJOR CINEPLEX LIFESTYLE LEASEHOLD PROPERTY FUND
MK,MK,SET,Property & Construction,Property Development,M.K. REAL ESTATE DEVELOPMENT PUBLIC COMPANY LIMITED
ML,ML,SET,Financials,Finance & Securities,"MIDA LEASING PUBLIC CO., LTD."
MM,MM,MAI,Agro & Food Industry,-,MUDMAN PUBLIC COMPANY LIMITED
MNIT,MNIT,SET,Property & Construction,Property Fund & REITs,MFC-NICHADA THANI PROPERTY FUND
MNIT2,MNIT2,SET,Property & Construction,Property Fund & REITs,NICHADA THANI PROPERTY FUND 2
MNRF,MNRF,SET,Property & Construction,Property Fund & REITs,MULTI-NATIONAL RESIDENCE FUND
MODERN,MODERN,SET,Consumer Products,Home & Office Products,MODERNFORM GROUP PUBLIC COMPANY LIMITED
MONO,MONO,SET,Services,Media & Publishing,MONO NEXT PUBLIC COMPANY LIMITED
MOONG,MOONG,MAI,Consumer Products,-,MOONG PATTANA INTERNATIONAL PUBLIC COMPANY LIMITED
MORE,MORE,MAI,Services,-,MORE RETURN PUBLIC COMPANY LIMITED
M-PAT,M-PAT,SET,Property & Construction,Property Fund & REITs,MFC PATONG HERITAGE PROPERTY FUND
MPG,MPG,MAI,Services,-,MPG CORPORATION PUBLIC COMPANY LIMITED
MPIC,MPIC,SET,Services,Media & Publishing,M PICTURES ENTERTAINMENT PUBLIC COMPANY LIMITED
MSC,MSC,SET,Technology,Information & Communication Technology,METRO SYSTEMS CORPORATION PUBLIC COMPANY LIMITED
M-STOR,M-STOR,SET,Property & Construction,Property Fund & REITs,MFC-STRATEGIC STORAGE FUND
MTC,MTC,SET,Financials,Finance & Securities,MUANGTHAI CAPITAL PUBLIC COMPANY LIMITED
MTI,MTI,SET,Financials,Insurance,MUANG THAI INSURANCE PUBLIC COMPANY LIMITED
MVP,MVP,MAI,Services,-,M VISION PUBLIC COMPANY LIMITED
NBC,NBC,MAI,Services,-,NATION BROADCASTING CORPORATION PUBLIC COMPANY LIMITED
NC,NC,SET,Consumer Products,Fashion,NEWCITY (BANGKOK) PUBLIC COMPANY LIMITED
NCAP,NCAP,SET,Financials,Finance & Securities,NEXT CAPITAL PUBLIC COMPANY LIMITED
NCH,NCH,SET,Property & Construction,Property Development,N. C. HOUSING PUBLIC COMPANY LIMITED
NCL,NCL,MAI,Services,-,NCL INTERNATIONAL LOGISTICS PUBLIC COMPANY LIMITED
NDR,NDR,MAI,Industrial,-,N.D. RUBBER PUBLIC COMPANY LIMITED
NEP,NEP,SET,Industrials,Packaging,NEP REALTY AND INDUSTRY PUBLIC COMPANY LIMITED
NER,NER,SET,Agro & Food Industry,Agribusiness,NORTH EAST RUBBER PUBLIC COMPANY LIMITED
NETBAY,NETBAY,MAI,Technology,-,NETBAY PUBLIC COMPANY LIMITED
NEW,NEW,SET,Services,Health Care Services,WATTANA KARNPAET PUBLIC COMPANY LIMITED
NEWS,NEWS,MAI,Services,-,NEWS NETWORK CORPORATION PUBLIC COMPANY LIMITED
NEX,NEX,SET,Technology,Electronic Components,NEX POINT PUBLIC COMPANY LIMITED
NFC,NFC,SET,Industrials,Petrochemicals & Chemicals,NFC PUBLIC COMPANY LIMITED
NINE,NINE,MAI,Services,-,NATION INTERNATIONAL EDUTAINMENT PUBLIC COMPANY LIMITED
NKI,NKI,SET,Financials,Insurance,THE NAVAKIJ INSURANCE PUBLIC COMPANY LIMITED
NMG,NMG,SET,Services,Media & Publishing,NATION MULTIMEDIA GROUP PUBLIC COMPANY LIMITED
NNCL,NNCL,SET,Property & Construction,Property Development,NAVANAKORN PUBLIC COMPANY LIMITED
NOBLE,NOBLE,SET,Property & Construction,Property Development,NOBLE DEVELOPMENT PUBLIC COMPANY LIMITED
NOK,NOK,SET,Services,Transportation & Logistics,NOK AIRLINES PUBLIC COMPANY LIMITED
NPK,NPK,MAI,Consumer Products,-,NEW PLUS KNITTING PUBLIC COMPANY LIMITED
NRF,NRF,SET,Agro & Food Industry,Food & Beverage,NR INSTANT PRODUCE PUBLIC COMPANY LIMITED
NSI,NSI,SET,Financials,Insurance,NAM SENG INSURANCE PUBLIC COMPANY LIMITED
NTV,NTV,SET,Services,Health Care Services,NONTHAVEJ HOSPITAL PUBLIC COMPANY LIMITED
NUSA,NUSA,SET,Property & Construction,Property Development,NUSASIRI PUBLIC COMPANY LIMITED
NVD,NVD,SET,Property & Construction,Property Development,NIRVANA DAII PUBLIC COMPANY LIMITED
NWR,NWR,SET,Property & Construction,Construction Services,NAWARAT PATANAKARN PUBLIC COMPANY LIMITED
NYT,NYT,SET,Services,Transportation & Logistics,NAMYONG TERMINAL PUBLIC COMPANY LIMITED
OCC,OCC,SET,Consumer Products,Personal Products & Pharmaceuticals,O.C.C. PUBLIC COMPANY LIMITED
OCEAN,OCEAN,MAI,Consumer Products,-,OCEAN COMMERCE PUBLIC COMPANY LIMITED
OGC,OGC,SET,Consumer Products,Home & Office Products,OCEAN GLASS PUBLIC COMPANY LIMITED
OHTL,OHTL,SET,Services,Tourism & Leisure,OHTL PUBLIC COMPANY LIMITED
OISHI,OISHI,SET,Agro & Food Industry,Food & Beverage,OISHI GROUP PUBLIC COMPANY LIMITED
ORI,ORI,SET,Property & Construction,Property Development,ORIGIN PROPERTY PUBLIC COMPANY LIMITED
OSP,OSP,SET,Agro & Food Industry,Food & Beverage,OSOTSPA PUBLIC COMPANY LIMITED
OTO,OTO,MAI,Services,-,ONE TO ONE CONTACTS PUBLIC COMPANY LIMITED
PACE,PACE,SET,Property & Construction,Property Development,PACE DEVELOPMENT CORPORATION PUBLIC COMPANY LIMITED
PAE,PAE,SET,Property & Construction,Construction Services,PAE (THAILAND) PUBLIC COMPANY LIMITED
PAF,PAF,SET,Consumer Products,Fashion,PAN ASIA FOOTWEAR PUBLIC COMPANY LIMITED
PAP,PAP,SET,Industrials,Steel,PACIFIC PIPE PUBLIC COMPANY LIMITED
PATO,PATO,SET,Industrials,Petrochemicals & Chemicals,PATO CHEMICAL INDUSTRY PUBLIC COMPANY LIMITED
PB,PB,SET,Agro & Food Industry,Food & Beverage,PRESIDENT BAKERY PUBLIC COMPANY LIMITED
PCSGH,PCSGH,SET,Industrials,Automotive,P.C.S. MACHINE GROUP HOLDING PUBLIC COMPANY LIMITED
PDG,PDG,MAI,Industrial,-,PRODIGY PUBLIC COMPANY LIMITED
PDI,PDI,SET,Resources,Energy & Utilities,PADAENG INDUSTRY PUBLIC COMPANY LIMITED
PDJ,PDJ,SET,Consumer Products,Fashion,PRANDA JEWELRY PUBLIC COMPANY LIMITED
PE,PE,SET,Financials,Finance & Securities,PREMIER ENTERPRISE PUBLIC COMPANY LIMITED
PERM,PERM,SET,Industrials,Steel,PERMSIN STEEL WORKS PUBLIC COMPANY LIMITED
PF,PF,SET,Property & Construction,Property Development,PROPERTY PERFECT PUBLIC COMPANY LIMITED
PG,PG,SET,Consumer Products,Fashion,PEOPLE'S GARMENT PUBLIC COMPANY LIMITED
PHOL,PHOL,MAI,Services,-,PHOL DHANYA PUBLIC COMPANY LIMITED
PICO,PICO,MAI,Services,-,PICO THAILAND PUBLIC COMPANY LIMITED
PIMO,PIMO,MAI,Industrial,-,PIONEER MOTOR PUBLIC COMPANY LIMITED
PJW,PJW,MAI,Industrial,-,PANJAWATTANA PLASTIC PUBLIC COMPANY LIMITED
PK,PK,SET,Industrials,Industrial Materials & Machinery,PATKOL PUBLIC COMPANY LIMITED
PL,PL,SET,Financials,Finance & Securities,PHATRA LEASING PUBLIC COMPANY LIMITED
PLANB,PLANB,SET,Services,Media & Publishing,PLAN B MEDIA PUBLIC COMPANY LIMITED
PLANET,PLANET,MAI,Technology,-,PLANET COMMUNICATIONS ASIA PUBLIC COMPANY LIMITED
PLAT,PLAT,SET,Property & Construction,Property Development,THE PLATINUM GROUP PUBLIC COMPANY LIMITED
PLE,PLE,SET,Property & Construction,Construction Services,POWER LINE ENGINEERING PUBLIC COMPANY LIMITED
PM,PM,SET,Agro & Food Industry,Food & Beverage,PREMIER MARKETING PUBLIC COMPANY LIMITED
PMTA,PMTA,SET,Industrials,Petrochemicals & Chemicals,PM THORESEN ASIA HOLDINGS PUBLIC COMPANY LIMITED
POLAR,POLAR,SET,Property & Construction,Property Development,POLARIS CAPITAL PUBLIC COMPANY LIMITED
POMPUI,POMPUI,SET,-,Companies Under Rehabilitation,KUANG PEI SAN FOOD PRODUCTS PUBLIC COMPANY LIMITED
POPF,POPF,SET,Property & Construction,Property Fund & REITs,PRIME OFFICE LEASEHOLD PROPERTY FUND
PORT,PORT,SET,Services,Transportation & Logistics,SAHATHAI TERMINAL PUBLIC COMPANY LIMITED
POST,POST,SET,Services,Media & Publishing,BANGKOK POST PUBLIC COMPANY LIMITED
PPF,PPF,SET,Property & Construction,Property Fund & REITs,PINTHONG INDUSTRIAL PARK PROPERTY FUND
PPM,PPM,MAI,Industrial,-,PORN PROM METAL PUBLIC COMPANY LIMITED
PPP,PPP,SET,Property & Construction,Construction Materials,PREMIER PRODUCTS PUBLIC COMPANY LIMITED
PPPM,PPPM,SET,Agro & Food Industry,Agribusiness,PP PRIME PUBLIC COMPANY LIMITED
PPS,PPS,MAI,Property & Construction,-,PROJECT PLANNING SERVICE PUBLIC COMPANY LIMITED
PR9,PR9,SET,Services,Health Care Services,PRARAM 9 HOSPITAL PUBLIC COMPANY LIMITED
PRAKIT,PRAKIT,SET,Services,Media & Publishing,PRAKIT HOLDINGS PUBLIC COMPANY LIMITED
PRAPAT,PRAPAT,MAI,Industrial,-,PEERAPAT TECHNOLOGY PUBLIC COMPANY LIMITED
PREB,PREB,SET,Property & Construction,Construction Services,PRE-BUILT PUBLIC COMPANY LIMITED
PRECHA,PRECHA,SET,Property & Construction,Property Development,PREECHA GROUP PUBLIC COMPANY LIMITED
PRG,PRG,SET,Agro & Food Industry,Food & Beverage,PATUM RICE MILL AND GRANARY PUBLIC COMPANY LIMTED
PRIME,PRIME,SET,Resources,Energy & Utilities,PRIME ROAD POWER PUBLIC COMPANY LIMITED
PRIN,PRIN,SET,Property & Construction,Property Development,PRINSIRI PUBLIC COMPANY LIMITED
PRINC,PRINC,SET,Services,Health Care Services,PRINCIPAL CAPITAL PUBLIC COMPANY LIMITED
PRM,PRM,SET,Services,Transportation & Logistics,PRIMA MARINE PUBLIC COMPANY LIMITED
PRO,PRO,SET,Services,Professional Services,PROFESSIONAL WASTE TECHNOLOGY (1999) PUBLIC COMPANY LIMITED
PROSPECT,PROSPECT,SET,Property & Construction,Property Fund & REITs,PROSPECT LOGISTICS AND INDUSTRIAL LEASEHOLD REAL ESTATE INVESTMENT TRUST
PROUD,PROUD,MAI,Property & Construction,-,PROUD REAL ESTATE PUBLIC COMPANY LIMITED
PSH,PSH,SET,Property & Construction,Property Development,PRUKSA HOLDING PUBLIC COMPANY LIMITED
PSL,PSL,SET,Services,Transportation & Logistics,PRECIOUS SHIPPING PUBLIC COMPANY LIMITED
PSTC,PSTC,MAI,Resources,-,POWER SOLUTION TECHNOLOGIES PUBLIC COMPANY LIMITED
PT,PT,SET,Technology,Information & Communication Technology,PREMIER TECHNOLOGY PUBLIC COMPANY LIMITED
PTG,PTG,SET,Resources,Energy & Utilities,PTG ENERGY PUBLIC COMPANY LIMITED
PTL,PTL,SET,Industrials,Packaging,POLYPLEX (THAILAND) PUBLIC COMPANY LIMITED
PTT,PTT,SET,Resources,Energy & Utilities,PTT PUBLIC COMPANY LIMITED
PTTEP,PTTEP,SET,Resources,Energy & Utilities,PTT EXPLORATION AND PRODUCTION PUBLIC COMPANY LIMITED
PTTGC,PTTGC,SET,Industrials,Petrochemicals & Chemicals,PTT GLOBAL CHEMICAL PUBLIC COMPANY LIMITED
PYLON,PYLON,SET,Property & Construction,Construction Services,PYLON PUBLIC COMPANY LIMITED
Q-CON,Q-CON,SET,Property & Construction,Construction Materials,QUALITY CONSTRUCTION PRODUCTS PUBLIC COMPANY LIMITED
QH,QH,SET,Property & Construction,Property Development,QUALITY HOUSES PUBLIC COMPANY LIMITED
QHHR,QHHR,SET,Property & Construction,Property Fund & REITs,QUALITY HOUSES HOTEL AND RESIDENCE FREEHOLD AND LEASEHOLD PROPERTY FUND
QHOP,QHOP,SET,Property & Construction,Property Fund & REITs,QUALITY HOSPITALITY LEASEHOLD PROPERTY FUND
QHPF,QHPF,SET,Property & Construction,Property Fund & REITs,QUALITY HOUSES LEASEHOLD PROPERTY FUND
QLT,QLT,MAI,Services,-,QUALITECH PUBLIC COMPANY LIMITED
QTC,QTC,MAI,Resources,-,QTC ENERGY PUBLIC COMPANY LIMITED
RAM,RAM,SET,Services,Health Care Services,RAMKHAMHAENG HOSPITAL PUBLIC COMPANY LIMITED
RATCH,RATCH,SET,Resources,Energy & Utilities,RATCH GROUP PUBLIC COMPANY LIMITED
RBF,RBF,SET,Agro & Food Industry,Food & Beverage,R&B FOOD SUPPLY PUBLIC COMPANY LIMITED
RCI,RCI,SET,Property & Construction,Construction Materials,THE ROYAL CERAMIC INDUSTRY PUBLIC COMPANY LIMITED
RCL,RCL,SET,Services,Transportation & Logistics,REGIONAL CONTAINER LINES PUBLIC COMPANY LIMITED
RICHY,RICHY,SET,Property & Construction,Property Development,RICHY PLACE 2002 PUBLIC COMPANY LIMITED
RJH,RJH,SET,Services,Health Care Services,RAJTHANEE HOSPITAL PUBLIC COMPANY LIMITED
RML,RML,SET,Property & Construction,Property Development,RAIMON LAND PUBLIC COMPANY LIMITED
ROCK,ROCK,SET,Consumer Products,Home & Office Products,ROCKWORTH PUBLIC COMPANY LIMITED
ROH,ROH,SET,Services,Tourism & Leisure,ROYAL ORCHID HOTEL (THAILAND) PUBLIC COMPANY LIMITED
ROJNA,ROJNA,SET,Property & Construction,Property Development,ROJANA INDUSTRIAL PARK PUBLIC COMPANY LIMITED
RP,RP,MAI,Services,-,RAJA FERRY PORT PUBLIC COMPANY LIMITED
RPC,RPC,SET,Resources,Energy & Utilities,RPCG PUBLIC COMPANY LIMITED
RPH,RPH,SET,Services,Health Care Services,RATCHAPHRUEK HOSPITAL PUBLIC COMPANY LIMITED
RS,RS,SET,Services,Commerce,RS PUBLIC COMPANY LIMITED
RSP,RSP,SET,Services,Commerce,RICH SPORT PUBLIC COMPANY LIMITED
RT,RT,SET,Property & Construction,Construction Services,RIGHT TUNNELLING PUBLIC COMPANY LIMITED
RWI,RWI,MAI,Industrial,-,RAYONG WIRE INDUSTRIES PUBLIC COMPANY LIMITED
S,S,SET,Property & Construction,Property Development,SINGHA ESTATE PUBLIC COMPANY LIMITED
S & J,S & J,SET,Consumer Products,Personal Products & Pharmaceuticals,S & J INTERNATIONAL ENTERPRISES PUBLIC COMPANY LIMITED
S11,S11,SET,Financials,Finance & Securities,S 11 GROUP PUBLIC COMPANY LIMITED
SAAM,SAAM,MAI,Resources,-,SAAM ENERGY DEVELOPMENT PUBLIC COMPANY LIMITED
SABINA,SABINA,SET,Consumer Products,Fashion,SABINA PUBLIC COMPANY LIMITED
SABUY,SABUY,MAI,Services,-,SABUY TECHNOLOGY PUBLIC COMPANY LIMITED
SAFARI,SAFARI,SET,-,Companies Under Rehabilitation,SAFARI WORLD PUBLIC COMPANY LIMITED
SALEE,SALEE,MAI,Industrial,-,SALEE INDUSTRY PUBLIC COMPANY LIMITED
SAM,SAM,SET,Industrials,Steel,SAMCHAI STEEL INDUSTRIES PUBLIC COMPANY LIMITED
SAMART,SAMART,SET,Technology,Information & Communication Technology,SAMART CORPORATION PUBLIC COMPANY LIMITED
SAMCO,SAMCO,SET,Property & Construction,Property Development,SAMMAKORN PUBLIC COMPANY LIMITED
SAMTEL,SAMTEL,SET,Technology,Information & Communication Technology,SAMART TELCOMS PUBLIC COMPANY LIMITED
SANKO,SANKO,MAI,Industrial,-,SANKO DIECASTING (THAILAND) PUBLIC COMPANY LIMITED
SAPPE,SAPPE,SET,Agro & Food Industry,Food & Beverage,SAPPE PUBLIC COMPANY LIMITED
SAT,SAT,SET,Industrials,Automotive,SOMBOON ADVANCE TECHNOLOGY PUBLIC COMPANY LIMITED
SAUCE,SAUCE,SET,Agro & Food Industry,Food & Beverage,THAITHEPAROS PUBLIC COMPANY LIMITED
SAWAD,SAWAD,SET,Financials,Finance & Securities,SRISAWAD CORPORATION PUBLIC COMPANY LIMITED
SAWANG,SAWANG,SET,Consumer Products,Fashion,SAWANG EXPORT PUBLIC COMPANY LIMITED
SBPF,SBPF,SET,Property & Construction,Property Fund & REITs,SAMUI BURI PROPERTY FUND
SC,SC,SET,Property & Construction,Property Development,SC ASSET CORPORATION PUBLIC COMPANY LIMITED
SCB,SCB,SET,Financials,Banking,THE SIAM COMMERCIAL BANK PUBLIC COMPANY LIMITED
SCC,SCC,SET,Property & Construction,Construction Materials,THE SIAM CEMENT PUBLIC COMPANY LIMITED
SCCC,SCCC,SET,Property & Construction,Construction Materials,SIAM CITY CEMENT PUBLIC COMPANY LIMITED
SCG,SCG,SET,Resources,Energy & Utilities,SAHACOGEN (CHONBURI) PUBLIC COMPANY LIMITED
SCGP,SCGP,SET,Industrials,Packaging,SCG PACKAGING PUBLIC COMPANY LIMITED
SCI,SCI,SET,Resources,Energy & Utilities,SCI ELECTRIC PUBLIC COMPANY LIMITED
SCM,SCM,SET,Services,Commerce,SUCCESSMORE BEING PUBLIC COMPANY LIMITED
SCN,SCN,SET,Resources,Energy & Utilities,SCAN INTER PUBLIC COMPANY LIMITED
SCP,SCP,SET,Property & Construction,Construction Materials,SOUTHERN CONCRETE PILE PUBLIC COMPANY LIMITED
SDC,SDC,SET,Technology,Information & Communication Technology,SAMART DIGITAL PUBLIC COMPANY LIMITED
SE,SE,MAI,Services,-,SIAMEAST SOLUTIONS PUBLIC COMPANY LIMITED
SEAFCO,SEAFCO,SET,Property & Construction,Construction Services,SEAFCO PUBLIC COMPANY LIMITED
SEAOIL,SEAOIL,MAI,Resources,-,SEA OIL PUBLIC COMPANY LIMITED
SE-ED,SE-ED,SET,Services,Media & Publishing,SE-EDUCATION PUBLIC COMPANY LIMITED
SEG,SEG,SET,Financials,Insurance,THAI GROUP HOLDINGS PUBLIC COMPANY LIMITED
SELIC,SELIC,MAI,Industrial,-,SELIC CORP PUBLIC COMPANY LIMITED
SENA,SENA,SET,Property & Construction,Property Development,SENADEVELOPMENT PUBLIC COMPANY LIMITED
SF,SF,SET,Property & Construction,Property Development,SIAM FUTURE DEVELOPMENT PUBLIC COMPANY LIMITED
SFLEX,SFLEX,SET,Industrials,Packaging,STARFLEX PUBLIC COMPANY LIMITED
SFP,SFP,SET,Agro & Food Industry,Food & Beverage,SIAM FOOD PRODUCTS PUBLIC COMPANY LIMITED
SFT,SFT,MAI,Industrial,-,SHRINKFLEX (THAILAND) PUBLIC COMPANY LIMITED
SGF,SGF,MAI,Financials,-,SGF CAPITAL PUBLIC COMPANY LIMITED
SGP,SGP,SET,Resources,Energy & Utilities,SIAMGAS AND PETROCHEMICALS PUBLIC COMPANY LIMITED
SHANG,SHANG,SET,Services,Tourism & Leisure,SHANGRI-LA HOTEL PUBLIC COMPANY LIMITED
SHR,SHR,SET,Services,Tourism & Leisure,S HOTELS AND RESORTS PUBLIC COMPANY LIMITED
SHREIT,SHREIT,SET,Property & Construction,Property Fund & REITs,STRATEGIC HOSPITALITY EXTENDABLE FREEHOLD AND LEASEHOLD REAL ESTATE INVESTMENT TRUST
SIAM,SIAM,SET,Consumer Products,Home & Office Products,SIAM STEEL INTERNATIONAL PUBLIC COMPANY LIMITED
SICT,SICT,MAI,Technology,-,SILICON CRAFT TECHNOLOGY PUBLIC COMPANY LIMITED
SIMAT,SIMAT,MAI,Technology,-,SIMAT TECHNOLOGIES PUBLIC COMPANY LIMITED
SINGER,SINGER,SET,Services,Commerce,SINGER THAILAND PUBLIC COMPANY LIMITED
SIRI,SIRI,SET,Property & Construction,Property Development,SANSIRI PUBLIC COMPANY LIMITED
SIRIP,SIRIP,SET,Property & Construction,Property Fund & REITs,SIRI PRIME OFFICE PROPERTY FUND
SIS,SIS,SET,Technology,Information & Communication Technology,SIS DISTRIBUTION (THAILAND) PUBLIC COMPANY LIMITED
SISB,SISB,SET,Services,Professional Services,SISB PUBLIC COMPANY LIMITED
SITHAI,SITHAI,SET,Industrials,Packaging,SRITHAI SUPERWARE PUBLIC COMPANY LIMITED
SK,SK,MAI,Property & Construction,-,SIRAKORN PUBLIC COMPANY LIMITED
SKE,SKE,SET,Resources,Energy & Utilities,SAKOL ENERGY PUBLIC COMPANY LIMITED
SKN,SKN,SET,Property & Construction,Construction Materials,S.KIJCHAI ENTERPRISE PUBLIC COMPANY LIMITED
SKR,SKR,SET,Services,Health Care Services,SIKARIN PUBLIC COMPANY LIMITED
SKY,SKY,MAI,Technology,-,SKY ICT PUBLIC COMPANY LIMITED
SLM,SLM,MAI,Services,-,SLM CORPORATION PUBLIC COMPANY LIMITED
SLP,SLP,SET,Industrials,Packaging,SALEE PRINTING PUBLIC COMPANY LIMITED
SMART,SMART,MAI,Property & Construction,-,SMART CONCRETE PUBLIC COMPANY LIMITED
SMIT,SMIT,SET,Industrials,Steel,SAHAMIT MACHINERY PUBLIC COMPANY LIMITED
SMK,SMK,SET,Financials,Insurance,SYN MUN KONG INSURANCE PUBLIC COMPANY LIMITED
SMPC,SMPC,SET,Industrials,Packaging,SAHAMITR PRESSURE CONTAINER PUBLIC COMPANY LIMITED
SMT,SMT,SET,Technology,Electronic Components,STARS MICROELECTRONICS (THAILAND) PUBLIC COMPANY LIMITED
SNC,SNC,SET,Industrials,Industrial Materials & Machinery,SNC FORMER PUBLIC COMPANY LIMITED
SNP,SNP,SET,Agro & Food Industry,Food & Beverage,S & P SYNDICATE PUBLIC COMPANY LIMITED
SO,SO,SET,Services,Professional Services,SIAMRAJATHANEE PUBLIC COMPANY LIMITED
SOLAR,SOLAR,SET,Resources,Energy & Utilities,SOLARTRON PUBLIC COMPANY LIMITED
SONIC,SONIC,MAI,Services,-,SONIC INTERFREIGHT PUBLIC COMPANY LIMITED
SORKON,SORKON,SET,Agro & Food Industry,Food & Beverage,S. KHONKAEN FOODS PUBLIC COMPANY LIMITED
SPA,SPA,MAI,Services,-,SIAM WELLNESS GROUP PUBLIC COMPANY LIMITED
SPACK,SPACK,SET,Industrials,Packaging,S. PACK & PRINT PUBLIC COMPANY LIMITED
SPALI,SPALI,SET,Property & Construction,Property Development,SUPALAI PUBLIC COMPANY LIMITED
SPC,SPC,SET,Services,Commerce,SAHA PATHANAPIBUL PUBLIC COMPANY LIMITED
SPCG,SPCG,SET,Resources,Energy & Utilities,SPCG PUBLIC COMPANY LIMITED
SPF,SPF,SET,Property & Construction,Property Fund & REITs,SAMUI AIRPORT PROPERTY FUND (LEASEHOLD)
SPG,SPG,SET,Industrials,Automotive,THE SIAM PAN GROUP PUBLIC COMPANY LIMITED
SPI,SPI,SET,Services,Commerce,SAHA PATHANA INTER-HOLDING PUBLIC COMPANY LIMITED
SPRC,SPRC,SET,Resources,Energy & Utilities,STAR PETROLEUM REFINING PUBLIC COMPANY LIMITED
SPRIME,SPRIME,SET,Property & Construction,Property Fund & REITs,S PRIME GROWTH LEASEHOLD REAL ESTATE INVESTMENT TRUST
SPVI,SPVI,MAI,Technology,-,S P V I PUBLIC COMPANY LIMITED
SQ,SQ,SET,Property & Construction,Construction Services,SAHAKOL EQUIPMENT PUBLIC COMPANY LIMITED
SR,SR,MAI,Resources,-,SIAMRAJ PUBLIC COMPANY LIMITED
SRICHA,SRICHA,SET,Property & Construction,Construction Services,SRIRACHA CONSTRUCTION PUBLIC COMPANY LIMITED
SRIPANWA,SRIPANWA,SET,Property & Construction,Property Fund & REITs,SRI PANWA HOSPITALITY REAL ESTATE INVESTMENT TRUST
SSC,SSC,SET,Agro & Food Industry,Food & Beverage,SERMSUK PUBLIC COMPANY LIMITED
SSF,SSF,SET,Agro & Food Industry,Food & Beverage,SURAPON FOODS PUBLIC COMPANY LIMITED
SSP,SSP,SET,Resources,Energy & Utilities,SERMSANG POWER CORPORATION PUBLIC COMPANY LIMITED
SSPF,SSPF,SET,Property & Construction,Property Fund & REITs,SALA @ SATHORN PROPERTY FUND
SSSC,SSSC,SET,Industrials,Steel,SIAM STEEL SERVICE CENTER PUBLIC COMPANY LIMITED
SST,SST,SET,Agro & Food Industry,Food & Beverage,SUB SRI THAI PUBLIC COMPANY LIMITED
SSTRT,SSTRT,SET,Property & Construction,Property Fund & REITs,SUB SRI THAI REAL ESTATE INVESTMENT TRUST
STA,STA,SET,Agro & Food Industry,Agribusiness,SRI TRANG AGRO-INDUSTRY PUBLIC COMPANY LIMITED
STANLY,STANLY,SET,Industrials,Automotive,THAI STANLEY ELECTRIC PUBLIC COMPANY LIMITED
STAR,STAR,MAI,Property & Construction,-,STAR UNIVERSAL NETWORK PUBLIC COMPANY LIMITED
STARK,STARK,SET,Industrials,Industrial Materials & Machinery,STARK CORPORATION PUBLIC COMPANY LIMITED
STC,STC,MAI,Property & Construction,-,STC CONCRETE PRODUCT PUBLIC COMPANY LIMITED
STEC,STEC,SET,Property & Construction,Construction Services,"SINO-THAI ENGINEERING AND CONSTRUCTION PUBLIC CO.,LTD."
STGT,STGT,SET,Consumer Products,Personal Products & Pharmaceuticals,SRI TRANG GLOVES (THAILAND) PUBLIC COMPANY LIMITED
STHAI,STHAI,SET,Consumer Products,Personal Products & Pharmaceuticals,"SHUN THAI RUBBER GLOVES INDUSTRY PUBLIC CO., LTD"
STI,STI,MAI,Property & Construction,-,STONEHENGE INTER PUBLIC COMPANY LIMITED
STPI,STPI,SET,Property & Construction,Construction Services,STP&I PUBLIC COMPANY LIMITED
SUC,SUC,SET,Consumer Products,Fashion,SAHA-UNION PUBLIC COMPANY LIMITED
SUN,SUN,MAI,Agro & Food Industry,-,SUNSWEET PUBLIC COMPANY LIMITED
SUPER,SUPER,SET,Resources,Energy & Utilities,SUPER ENERGY CORPORATION PUBLIC COMPANY LIMITED
SUPEREIF,SUPEREIF,SET,Resources,Energy & Utilities,SUPER ENERGY POWER PLANT INFRASTRUCTURE FUND
SUSCO,SUSCO,SET,Resources,Energy & Utilities,SUSCO PUBLIC COMPANY LIMITED
SUTHA,SUTHA,SET,Industrials,Petrochemicals & Chemicals,GOLDEN LIME PUBLIC COMPANY LIMITED
SVH,SVH,SET,Services,Health Care Services,SAMITIVEJ PUBLIC COMPANY LIMITED
SVI,SVI,SET,Technology,Electronic Components,SVI PUBLIC COMPANY LIMITED
SVOA,SVOA,SET,Technology,Information & Communication Technology,SVOA PUBLIC COMPANY LIMITED
SWC,SWC,MAI,Industrial,-,SHERWOOD CORPORATION (THAILAND) PUBLIC COMPANY LIMITED
SYMC,SYMC,SET,Technology,Information & Communication Technology,SYMPHONY COMMUNICATION PUBLIC COMPANY LIMITED
SYNEX,SYNEX,SET,Technology,Information & Communication Technology,SYNNEX (THAILAND) PUBLIC COMPANY LIMITED
SYNTEC,SYNTEC,SET,Property & Construction,Construction Services,SYNTEC CONSTRUCTION PUBLIC COMPANY LIMITED
T,T,MAI,Property & Construction,-,T ENGINEERING CORPORATION PUBLIC COMPANY LIMITED
TACC,TACC,MAI,Agro & Food Industry,-,T.A.C. CONSUMER PUBLIC COMPANY LIMITED
TAE,TAE,SET,Resources,Energy & Utilities,THAI AGRO ENERGY PUBLIC COMPANY LIMITED
TAKUNI,TAKUNI,MAI,Resources,-,TAKUNI GROUP PUBLIC COMPANY LIMITED
TAPAC,TAPAC,MAI,Property & Construction,-,TAPACO PUBLIC COMPANY LIMITED
TASCO,TASCO,SET,Property & Construction,Construction Materials,TIPCO ASPHALT PUBLIC COMPANY LIMITED
TBSP,TBSP,SET,Services,Media & Publishing,TBSP PUBLIC COMPANY LIMITED
TC,TC,SET,Agro & Food Industry,Food & Beverage,TROPICAL CANNING (THAILAND) PUBLIC COMPANY LIMITED
TCAP,TCAP,SET,Financials,Banking,THANACHART CAPITAL PUBLIC COMPANY LIMITED
TCC,TCC,SET,Resources,Energy & Utilities,THAI CAPITAL CORPORATION PUBLIC COMPANY LIMITED
TCCC,TCCC,SET,Industrials,Petrochemicals & Chemicals,THAI CENTRAL CHEMICAL PUBLIC COMPANY LIMITED
TCJ,TCJ,SET,Industrials,Industrial Materials & Machinery,T.C.J. ASIA PUBLIC COMPANY LIMITED
TCMC,TCMC,SET,Property & Construction,Construction Materials,TCM CORPORATION PUBLIC COMPANY LIMITED
TCOAT,TCOAT,SET,Industrials,Packaging,THAI COATING INDUSTRIAL PUBLIC COMPANY LIMITED
TEAM,TEAM,SET,Technology,Electronic Components,TEAM PRECISION PUBLIC COMPANY LIMITED
TEAMG,TEAMG,SET,Property & Construction,Construction Services,TEAM CONSULTING ENGINEERING AND MANAGEMENT PUBLIC COMPANY LIMITED
TFFIF,TFFIF,SET,Services,Transportation & Logistics,THAILAND FUTURE FUND
TFG,TFG,SET,Agro & Food Industry,Food & Beverage,THAIFOODS GROUP PUBLIC COMPANY LIMITED
TFI,TFI,SET,Industrials,Packaging,THAI FILM INDUSTRIES PUBLIC COMPANY LIMITED
TFMAMA,TFMAMA,SET,Agro & Food Industry,Food & Beverage,THAI PRESIDENT FOODS PUBLIC COMPANY LIMITED
TGPRO,TGPRO,SET,Industrials,Steel,THAI-GERMAN PRODUCTS PUBLIC COMPANY LIMITED
TH,TH,SET,Services,Media & Publishing,TONG HUA HOLDING PUBLIC COMPANY LIMITED
THAI,THAI,SET,Services,Transportation & Logistics,THAI AIRWAYS INTERNATIONAL PUBLIC COMPANY LIMITED
THANA,THANA,MAI,Property & Construction,-,THANASIRI GROUP PUBLIC COMPANY LIMITED
THANI,THANI,SET,Financials,Finance & Securities,RATCHTHANI LEASING PUBLIC COMPANY LIMITED
THCOM,THCOM,SET,Technology,Information & Communication Technology,THAICOM PUBLIC COMPANY LIMITED
THE,THE,SET,Industrials,Steel,THE STEEL PUBLIC COMPANY LIMITED
THG,THG,SET,Services,Health Care Services,THONBURI HEALTHCARE GROUP PUBLIC COMPANY LIMITED
THIP,THIP,SET,Industrials,Packaging,THANTAWAN INDUSTRY PUBLIC COMPANY LIMITED
THL,THL,SET,Resources,Mining,TONGKAH HARBOUR PUBLIC COMPANY LIMITED
THMUI,THMUI,MAI,Services,-,THAI MUI CORPORATION PUBLIC COMPANY LIMITED
THRE,THRE,SET,Financials,Insurance,THAI REINSURANCE PUBLIC COMPANY LIMITED
THREL,THREL,SET,Financials,Insurance,THAIRE LIFE ASSURANCE PUBLIC COMPANY LIMITED
TIF1,TIF1,SET,Property & Construction,Property Fund & REITs,THAI INDUSTRIAL FUND 1
TIGER,TIGER,MAI,Property & Construction,-,THAI ENGER HOLDING PUBLIC COMPANY LIMITED
TIP,TIP,SET,Financials,Insurance,DHIPAYA INSURANCE PUBLIC COMPANY LIMITED
TIPCO,TIPCO,SET,Agro & Food Industry,Food & Beverage,TIPCO FOODS PUBLIC COMPANY LIMITED
TISCO,TISCO,SET,Financials,Banking,TISCO FINANCIAL GROUP PUBLIC COMPANY LIMITED
TITLE,TITLE,MAI,Property & Construction,-,RHOM BHO PROPERTY PUBLIC COMPANY LIMITED
TIW,TIW,SET,Industrials,Steel,THAILAND IRON WORKS PUBLIC COMPANY LIMITED
TK,TK,SET,Financials,Finance & Securities,THITIKORN PUBLIC COMPANY LIMITED
TKN,TKN,SET,Agro & Food Industry,Food & Beverage,TAOKAENOI FOOD & MARKETING PUBLIC COMPANY LIMITED
TKS,TKS,SET,Services,Media & Publishing,T.K.S. TECHNOLOGIES PUBLIC COMPANY LIMITED
TKT,TKT,SET,Industrials,Automotive,T.KRUNGTHAI INDUSTRIES PUBLIC COMPANY LIMITED
TLGF,TLGF,SET,Property & Construction,Property Fund & REITs,TESCO LOTUS RETAIL GROWTH FREEHOLD AND LEASEHOLD PROPERTY FUND
TLHPF,TLHPF,SET,Property & Construction,Property Fund & REITs,THAILAND HOSPITALITY PROPERTY FUND
TM,TM,MAI,Consumer Products,-,TECHNO MEDICAL PUBLIC COMPANY LIMITED
TMB,TMB,SET,Financials,Banking,TMB BANK PUBLIC COMPANY LIMITED
TMC,TMC,MAI,Industrial,-,T.M.C. INDUSTRIAL PUBLIC COMPANY LIMITED
TMD,TMD,SET,Industrials,Packaging,THAI METAL DRUM MANUFACTURING PUBLIC COMPANY LIMITED
TMI,TMI,MAI,Industrial,-,TEERA-MONGKOL INDUSTRY PUBLIC COMPANY LIMITED
TMILL,TMILL,MAI,Agro & Food Industry,-,T S FLOUR MILL PUBLIC COMPANY LIMITED
TMT,TMT,SET,Industrials,Steel,TMT STEEL PUBLIC COMPANY LIMITED
TMW,TMW,MAI,Industrial,-,THAI MITSUWA PUBLIC COMPANY LIMITED
TNDT,TNDT,MAI,Services,-,THAI NONDESTRUCTIVE TESTING PUBLIC COMPANY LIMITED
TNH,TNH,MAI,Services,-,THAI NAKARIN HOSPITAL PUBLIC COMPANY LIMITED
TNITY,TNITY,SET,Financials,Finance & Securities,TRINITY WATTHANA PUBLIC COMPANY LIMITED
TNL,TNL,SET,Consumer Products,Fashion,THANULUX PUBLIC COMPANY LIMITED
TNP,TNP,MAI,Services,-,THANAPIRIYA PUBLIC COMPANY LIMITED
TNPC,TNPC,SET,Industrials,Automotive,THAI NAM PLASTIC PUBLIC COMPANY LIMITED
TNPF,TNPF,SET,Property & Construction,Property Fund & REITs,TRINITY FREEHOLD AND LEASEHOLD PROPERTY FUND
TNR,TNR,SET,Consumer Products,Personal Products & Pharmaceuticals,THAI NIPPON RUBBER INDUSTRY PUBLIC COMPANY LIMITED
TOA,TOA,SET,Property & Construction,Construction Materials,TOA PAINT (THAILAND) PUBLIC COMPANY LIMITED
TOG,TOG,SET,Consumer Products,Personal Products & Pharmaceuticals,THAI OPTICAL GROUP PUBLIC COMPANY LIMITED
TOP,TOP,SET,Resources,Energy & Utilities,THAI OIL PUBLIC COMPANY LIMITED
TOPP,TOPP,SET,Industrials,Packaging,THAI O.P.P. PUBLIC COMPANY LIMITED
TPA,TPA,SET,Industrials,Petrochemicals & Chemicals,THAI POLY ACRYLIC PUBLIC COMPANY LIMITED
TPAC,TPAC,MAI,Industrial,-,THAI PLASPAC PUBLIC COMPANY LIMITED
TPBI,TPBI,SET,Industrials,Packaging,TPBI PUBLIC COMPANY LIMITED
TPCH,TPCH,MAI,Resources,-,TPC POWER HOLDING PUBLIC COMPANY LIMITED
TPCORP,TPCORP,SET,Consumer Products,Fashion,TEXTILE PRESTIGE PUBLIC COMPANY LIMITED
TPIPL,TPIPL,SET,Property & Construction,Construction Materials,TPI POLENE PUBLIC COMPANY LIMITED
TPIPP,TPIPP,SET,Resources,Energy & Utilities,TPI POLENE POWER PUBLIC COMPANY LIMITED
TPLAS,TPLAS,MAI,Industrial,-,THAI PLASTIC INDUSTRIAL (1994) PUBLIC COMPANY LIMITED
TPOLY,TPOLY,SET,Property & Construction,Construction Services,THAI POLYCONS PUBLIC COMPANY LIMITED
TPP,TPP,SET,Industrials,Packaging,THAI PACKAGING & PRINTING PUBLIC COMPANY LIMITED
TPRIME,TPRIME,SET,Property & Construction,Property Fund & REITs,THAILAND PRIME PROPERTY FREEHOLD AND LEASEHOLD REAL ESTATE INVESTMENT TRUST
TPS,TPS,MAI,Technology,-,THE PRACTICAL SOLUTION PUBLIC COMPANY LIMITED
TQM,TQM,SET,Financials,Insurance,TQM CORPORATION PUBLIC COMPANY LIMITED
TR,TR,SET,Consumer Products,Fashion,THAI RAYON PUBLIC COMPANY LIMITED
TRC,TRC,SET,Property & Construction,Construction Services,TRC CONSTRUCTION PUBLIC COMPANY LIMITED
TRITN,TRITN,SET,Property & Construction,Construction Services,TRITON HOLDING PUBLIC COMPANY LIMITED
TRT,TRT,MAI,Resources,-,TIRATHAI PUBLIC COMPANY LIMITED
TRU,TRU,SET,Industrials,Automotive,THAI RUNG UNION CAR PUBLIC COMPANY LIMITED
TRUBB,TRUBB,SET,Agro & Food Industry,Agribusiness,THAI RUBBER LATEX GROUP PUBLIC COMPANY LIMITED
TRUE,TRUE,SET,Technology,Information & Communication Technology,TRUE CORPORATION PUBLIC COMPANY LIMITED
TSC,TSC,SET,Industrials,Automotive,THAI STEEL CABLE PUBLIC COMPANY LIMITED
TSE,TSE,SET,Resources,Energy & Utilities,THAI SOLAR ENERGY PUBLIC COMPANY LIMITED
TSF,TSF,MAI,Services,-,THREE SIXTY FIVE PUBLIC COMPANY LIMITED
TSI,TSI,SET,Financials,Insurance,THE THAI SETAKIJ INSURANCE PUBLIC COMPANY LIMITED
TSR,TSR,SET,Consumer Products,Home & Office Products,THIENSURAT PUBLIC COMPANY LIMITED
TSTE,TSTE,SET,Services,Transportation & Logistics,THAI SUGAR TERMINAL PUBLIC COMPANY LIMITED
TSTH,TSTH,SET,Industrials,Steel,TATA STEEL (THAILAND) PUBLIC COMPANY LIMITED
TTA,TTA,SET,Services,Transportation & Logistics,THORESEN THAI AGENCIES PUBLIC COMPANY LIMITED
TTCL,TTCL,SET,Property & Construction,Construction Services,TTCL PUBLIC COMPANY LIMITED
TTI,TTI,SET,Consumer Products,Fashion,THAI TEXTILE INDUSTRY PUBLIC COMPANY LIMITED
TTLPF,TTLPF,SET,Property & Construction,Property Fund & REITs,TALAAD THAI LEASEHOLD PROPERTY FUND
TTT,TTT,SET,Consumer Products,Fashion,TORAY TEXTILES (THAILAND) PUBLIC COMPANY LIMITED
TTW,TTW,SET,Resources,Energy & Utilities,TTW PUBLIC COMPANY LIMITED
TU,TU,SET,Agro & Food Industry,Food & Beverage,THAI UNION GROUP PUBLIC COMPANY LIMITED
TU-PF,TU-PF,SET,Property & Construction,Property Fund & REITs,T.U. DOME RESIDENTIAL COMPLEX LEASEHOLD PROPERTY FUND
TVD,TVD,MAI,Services,-,TV DIRECT PUBLIC COMPANY LIMITED
TVI,TVI,SET,Financials,Insurance,THAIVIVAT INSURANCE PUBLIC COMPANY LIMITED
TVO,TVO,SET,Agro & Food Industry,Food & Beverage,THAI VEGETABLE OIL PUBLIC COMPANY LIMITED
TVT,TVT,MAI,Services,-,TV THUNDER PUBLIC COMPANY LIMITED
TWP,TWP,SET,Industrials,Steel,THAI WIRE PRODUCTS PUBLIC COMPANY LIMITED
TWPC,TWPC,SET,Agro & Food Industry,Agribusiness,THAI WAH PUBLIC COMPANY LIMITED
TWZ,TWZ,SET,Technology,Information & Communication Technology,TWZ CORPORATION PUBLIC COMPANY LIMITED
TYCN,TYCN,SET,Industrials,Steel,"TYCOONS WORLDWIDE GROUP (THAILAND) PUBLIC CO.,LTD."
U,U,SET,Property & Construction,Property Development,U CITY PUBLIC COMPANY LIMITED
UAC,UAC,SET,Industrials,Petrochemicals & Chemicals,UAC GLOBAL PUBLIC COMPANY LIMITED
UBIS,UBIS,MAI,Industrial,-,UBIS (ASIA) PUBLIC COMPANY LIMITED
UEC,UEC,MAI,Industrial,-,UNIMIT ENGINEERING PUBLIC COMPANY LIMITED
UKEM,UKEM,MAI,Industrial,-,UNION PETROCHEMICAL PUBLIC COMPANY LIMITED
UMI,UMI,SET,Property & Construction,Construction Materials,THE UNION MOSAIC INDUSTRY PUBLIC COMPANY LIMITED
UMS,UMS,MAI,Resources,-,UNIQUE MINING SERVICES PUBLIC COMPANY LIMITED
UNIQ,UNIQ,SET,Property & Construction,Construction Services,UNIQUE ENGINEERING AND CONSTRUCTION PUBLIC COMPANY LIMITED
UOBKH,UOBKH,SET,Financials,Finance & Securities,UOB KAY HIAN SECURITIES (THAILAND) PUBLIC COMPANY LIMITED
UP,UP,SET,Industrials,Petrochemicals & Chemicals,UNION PLASTIC PUBLIC COMPANY LIMITED
UPA,UPA,MAI,Resources,-,UNITED POWER OF ASIA PUBLIC COMPANY LIMITED
UPF,UPF,SET,Consumer Products,Fashion,UNION PIONEER PUBLIC COMPANY LIMITED
UPOIC,UPOIC,SET,Agro & Food Industry,Agribusiness,UNITED PALM OIL INDUSTRY PUBLIC COMPANY LIMITED
URBNPF,URBNPF,SET,Property & Construction,Property Fund & REITs,URBANA PROPERTY FUND (LEASE HOLD)
UREKA,UREKA,MAI,Industrial,-,EUREKA DESIGN PUBLIC COMPANY LIMITED
UT,UT,SET,Consumer Products,Fashion,UNION TEXTILE INDUSTRIES PUBLIC COMPANY LIMITED
UTP,UTP,SET,Industrials,Paper & Printing Materials,UNITED PAPER PUBLIC COMPANY LIMITED
UV,UV,SET,Property & Construction,Property Development,UNIVENTURES PUBLIC COMPANY LIMITED
UVAN,UVAN,SET,Agro & Food Industry,Agribusiness,UNIVANICH PALM OIL PUBLIC COMPANY LIMITED
UWC,UWC,MAI,Resources,-,UA WITHYA PUBLIC COMPANY LIMITED
VARO,VARO,SET,Industrials,Industrial Materials & Machinery,VAROPAKORN PUBLIC COMPANY LIMITED
VCOM,VCOM,MAI,Technology,-,VINTCOM TECHNOLOGY PUBLIC COMPANY LIMITED
VGI,VGI,SET,Services,Media & Publishing,VGI PUBLIC COMPANY LIMITED
VI,VI,SET,-,Companies Under Rehabilitation,VENTURE INCORPORATION PUBLIC COMPANY LIMITED
VIBHA,VIBHA,SET,Services,Health Care Services,VIBHAVADI MEDICAL CENTER PUBLIC COMPANY LIMITED
VIH,VIH,SET,Services,Health Care Services,SRIVICHAIVEJVIVAT PUBLIC COMPANY LIMITED
VL,VL,MAI,Services,-,V.L. ENTERPRISE PUBLIC COMPANY LIMITED
VNG,VNG,SET,Property & Construction,Construction Materials,VANACHAI GROUP PUBLIC COMPANY LIMITED
VNT,VNT,SET,Industrials,Petrochemicals & Chemicals,VINYTHAI PUBLIC COMPANY LIMITED
VPO,VPO,SET,Agro & Food Industry,Agribusiness,VICHITBHAN PALMOIL PUBLIC COMPANY LIMITED
VRANDA,VRANDA,SET,Services,Tourism & Leisure,VERANDA RESORT PUBLIC COMPANY LIMITED
W,W,SET,Technology,Electronic Components,WOW FACTOR PUBLIC COMPANY LIMITED
WACOAL,WACOAL,SET,Consumer Products,Fashion,THAI WACOAL PUBLIC COMPANY LIMITED
WAVE,WAVE,SET,Services,Media & Publishing,WAVE ENTERTAINMENT PUBLIC COMPANY LIMITED
WGE,WGE,SET,Property & Construction,Construction Services,WELL GRADED ENGINEERING PUBLIC COMPANY LIMITED
WHA,WHA,SET,Property & Construction,Property Development,WHA CORPORATION PUBLIC COMPANY LIMITED
WHABT,WHABT,SET,Property & Construction,Property Fund & REITs,WHA BUSINESS COMPLEX FREEHOLD AND LEASEHOLD REAL ESTATE INVESTMENT TRUST
WHART,WHART,SET,Property & Construction,Property Fund & REITs,WHA PREMIUM GROWTH FREEHOLD AND LEASEHOLD REAL ESTATE INVESTMENT TRUST
WHAUP,WHAUP,SET,Resources,Energy & Utilities,WHA UTILITIES AND POWER PUBLIC COMPANY LIMITED
WICE,WICE,SET,Services,Transportation & Logistics,WICE LOGISTICS PUBLIC COMPANY LIMITED
WIIK,WIIK,SET,Property & Construction,Construction Materials,WIIK PUBLIC COMPANY LIMITED
WIN,WIN,SET,Property & Construction,Property Development,WYNCOAST INDUSTRIAL PARK PUBLIC COMPANY LIMITED
WINNER,WINNER,MAI,Services,-,WINNER GROUP ENTERPRISE PUBLIC COMPANY LIMITED
WORK,WORK,SET,Services,Media & Publishing,WORKPOINT ENTERTAINMENT PUBLIC COMPANY LIMITED
WORLD,WORLD,SET,-,Companies Under Rehabilitation,WORLD CORPORATION PUBLIC COMPANY LIMITED
WP,WP,SET,Resources,Energy & Utilities,WP ENERGY PUBLIC COMPANY LIMITED
WPH,WPH,SET,Services,Health Care Services,WATTANAPAT HOSPITAL TRANG PUBLIC COMPANY LIMITED
WR,WR,SET,-,Companies Under Rehabilitation,WE RETAIL PUBLIC COMPANY LIMITED
XO,XO,MAI,Agro & Food Industry,-,EXOTIC FOOD PUBLIC COMPANY LIMITED
YCI,YCI,SET,Industrials,Petrochemicals & Chemicals,YONG THAI PUBLIC COMPANY LIMITED
YGG,YGG,MAI,Services,-,YGGDRAZIL GROUP PUBLIC COMPANY LIMITED
YUASA,YUASA,MAI,Industrial,-,YUASA BATTERY (THAILAND) PUBLIC COMPANY LIMITED
ZEN,ZEN,SET,Agro & Food Industry,Food & Beverage,ZEN CORPORATION GROUP PUBLIC COMPANY LIMITED
ZIGA,ZIGA,MAI,Industrial,-,ZIGA INNOVATION PUBLIC COMPANY LIMITED
ZMICO,ZMICO,SET,Financials,Finance & Securities,SEAMICO SECURITIES PUBLIC COMPANY LIMITED
